operator,family,phs_order,poly_deg,eps,N,nrmse
interpolation,PHS,1,1,0.0,100,0.02247621929188168
interpolation,PHS,1,1,0.0,225,0.007057601884472808
interpolation,PHS,1,1,0.0,400,0.002952831951568571
interpolation,PHS,1,1,0.0,900,0.0010500212679216698
interpolation,PHS,1,1,0.0,2025,0.00025787933151899176
interpolation,PHS,1,1,0.0,4900,7.350566875338864e-5
interpolation,PHS,3,2,0.0,100,0.008175693083335758
interpolation,PHS,3,2,0.0,225,0.000900774062517224
interpolation,PHS,3,2,0.0,400,0.00039415062743222283
interpolation,PHS,3,2,0.0,900,0.00010192766669234392
interpolation,PHS,3,2,0.0,2025,1.5671873011634022e-5
interpolation,PHS,3,2,0.0,4900,3.219486729479779e-6
interpolation,PHS,5,3,0.0,100,0.005496201853085378
interpolation,PHS,5,3,0.0,225,0.0003511538943370392
interpolation,PHS,5,3,0.0,400,7.418981924540688e-5
interpolation,PHS,5,3,0.0,900,1.2956611939342514e-5
interpolation,PHS,5,3,0.0,2025,1.7559703787101534e-6
interpolation,PHS,5,3,0.0,4900,1.5446462354293312e-7
interpolation,PHS,7,4,0.0,100,0.003960139402003807
interpolation,PHS,7,4,0.0,225,0.00023956253206254026
interpolation,PHS,7,4,0.0,400,4.156719893230754e-5
interpolation,PHS,7,4,0.0,900,4.153091539726438e-6
interpolation,PHS,7,4,0.0,2025,3.0635171151663504e-7
interpolation,PHS,7,4,0.0,4900,1.9596134859433875e-8
interpolation,PHS,5,2,0.0,100,0.005506819929636073
interpolation,PHS,5,2,0.0,225,0.00034621563250846453
interpolation,PHS,5,2,0.0,400,7.535758633985458e-5
interpolation,PHS,5,2,0.0,900,1.2832035040122671e-5
interpolation,PHS,5,2,0.0,2025,1.6870629152467898e-6
interpolation,PHS,5,2,0.0,4900,1.4922629619723634e-7
interpolation,PHS,5,4,0.0,100,0.005537574060064134
interpolation,PHS,5,4,0.0,225,0.00032841272795810475
interpolation,PHS,5,4,0.0,400,6.513114175769042e-5
interpolation,PHS,5,4,0.0,900,1.045143048175069e-5
interpolation,PHS,5,4,0.0,2025,1.2740003887825802e-6
interpolation,PHS,5,4,0.0,4900,1.5178671847525475e-7
interpolation,PHS,5,5,0.0,100,0.006280328725255085
interpolation,PHS,5,5,0.0,225,0.0003683606550630997
interpolation,PHS,5,5,0.0,400,0.00010384459177187033
interpolation,PHS,5,5,0.0,900,1.587884602907939e-5
interpolation,PHS,5,5,0.0,2025,2.2050882715679633e-6
interpolation,PHS,5,5,0.0,4900,2.0517268140069107e-7
interpolation,PHS,7,3,0.0,100,0.003943305118870085
interpolation,PHS,7,3,0.0,225,0.00023526230883825111
interpolation,PHS,7,3,0.0,400,3.885910421323738e-5
interpolation,PHS,7,3,0.0,900,3.988630023644774e-6
interpolation,PHS,7,3,0.0,2025,3.0048621012116735e-7
interpolation,PHS,7,3,0.0,4900,2.1398784961492575e-8
interpolation,PHS,7,5,0.0,100,0.004033887963814444
interpolation,PHS,7,5,0.0,225,0.00024647763607321693
interpolation,PHS,7,5,0.0,400,4.295579971021991e-5
interpolation,PHS,7,5,0.0,900,4.176995815243039e-6
interpolation,PHS,7,5,0.0,2025,3.229164425700639e-7
interpolation,PHS,7,5,0.0,4900,1.627018384381469e-8
interpolation,PHS,7,6,0.0,100,0.004214508041165924
interpolation,PHS,7,6,0.0,225,0.00027180220209340735
interpolation,PHS,7,6,0.0,400,5.1420818178244094e-5
interpolation,PHS,7,6,0.0,900,4.1288946937535625e-6
interpolation,PHS,7,6,0.0,2025,2.783348345837798e-7
interpolation,PHS,7,6,0.0,4900,1.8126221502012913e-8
interpolation,PHS,3,1,0.0,100,0.008047071613354492
interpolation,PHS,3,1,0.0,225,0.0008813588208132567
interpolation,PHS,3,1,0.0,400,0.0003818596740930789
interpolation,PHS,3,1,0.0,900,9.839869974866997e-5
interpolation,PHS,3,1,0.0,2025,1.5231297300263894e-5
interpolation,PHS,3,1,0.0,4900,3.1808218136160974e-6
interpolation,PHS,3,3,0.0,100,0.008920244216353509
interpolation,PHS,3,3,0.0,225,0.0009526430847283743
interpolation,PHS,3,3,0.0,400,0.0004288325800170327
interpolation,PHS,3,3,0.0,900,0.00010754122063644665
interpolation,PHS,3,3,0.0,2025,1.5053542709186649e-5
interpolation,PHS,3,3,0.0,4900,3.0502084646344872e-6
interpolation,PHS,3,4,0.0,100,0.01030001776856853
interpolation,PHS,3,4,0.0,225,0.001227654422834916
interpolation,PHS,3,4,0.0,400,0.0005278251211864376
interpolation,PHS,3,4,0.0,900,0.00012468057013995736
interpolation,PHS,3,4,0.0,2025,1.9298058772591046e-5
interpolation,PHS,3,4,0.0,4900,3.602182190248343e-6
interpolation,IMQ,0,0,1.0,100,0.16875267978772954
interpolation,IMQ,0,0,1.0,225,0.013091944838177745
interpolation,IMQ,0,0,1.0,400,0.00971521376497859
interpolation,IMQ,0,0,1.0,900,0.023706223961877635
interpolation,IMQ,0,0,1.0,2025,0.02852774738174571
interpolation,IMQ,0,0,1.0,4900,0.02687770637295768
interpolation,Gaussian,0,0,1.0,100,0.5966938089811628
interpolation,Gaussian,0,0,1.0,225,3.392235510485074
interpolation,Gaussian,0,0,1.0,400,0.4902545601958046
interpolation,Gaussian,0,0,1.0,900,0.9092892241370887
interpolation,Gaussian,0,0,1.0,2025,1.4515064093169805
interpolation,Gaussian,0,0,1.0,4900,11.554624058138183
interpolation,IMQ,0,1,1.0,100,0.1685019582065385
interpolation,IMQ,0,1,1.0,225,0.017633697338908856
interpolation,IMQ,0,1,1.0,400,0.007229306094596039
interpolation,IMQ,0,1,1.0,900,0.13442708955318539
interpolation,IMQ,0,1,1.0,2025,0.07618346451944752
interpolation,IMQ,0,1,1.0,4900,0.20456454106094316
interpolation,Gaussian,0,1,1.0,100,0.13421540350280078
interpolation,Gaussian,0,1,1.0,225,0.8797186743884979
interpolation,Gaussian,0,1,1.0,400,0.15417939932547195
interpolation,Gaussian,0,1,1.0,900,1.0482639956481692
interpolation,Gaussian,0,1,1.0,2025,43.533997034407555
interpolation,Gaussian,0,1,1.0,4900,9.457974778341757
interpolation,IMQ,0,2,1.0,100,0.17045378705606481
interpolation,IMQ,0,2,1.0,225,0.04001612245534872
interpolation,IMQ,0,2,1.0,400,0.02529476495053876
interpolation,IMQ,0,2,1.0,900,0.22007773265923236
interpolation,IMQ,0,2,1.0,2025,0.05453882865220106
interpolation,IMQ,0,2,1.0,4900,0.8653095540133007
interpolation,Gaussian,0,2,1.0,100,0.11780318602037344
interpolation,Gaussian,0,2,1.0,225,0.20493258421126903
interpolation,Gaussian,0,2,1.0,400,0.31166735669050233
interpolation,Gaussian,0,2,1.0,900,1.3770358346577558
interpolation,Gaussian,0,2,1.0,2025,6.664066045939154
interpolation,Gaussian,0,2,1.0,4900,2.640241103924654
interpolation,IMQ,0,3,1.0,100,0.17382764806882667
interpolation,IMQ,0,3,1.0,225,0.00895027999323031
interpolation,IMQ,0,3,1.0,400,0.03340068758119096
interpolation,IMQ,0,3,1.0,900,0.02769085158704018
interpolation,IMQ,0,3,1.0,2025,0.07955571789885972
interpolation,IMQ,0,3,1.0,4900,0.033911732273011135
interpolation,Gaussian,0,3,1.0,100,0.14294356769903357
interpolation,Gaussian,0,3,1.0,225,0.2324099236186557
interpolation,Gaussian,0,3,1.0,400,1.9375221709017363
interpolation,Gaussian,0,3,1.0,900,0.5725312506559213
interpolation,Gaussian,0,3,1.0,2025,1.6018994485955242
interpolation,Gaussian,0,3,1.0,4900,7.592922351251167
interpolation,IMQ,0,4,1.0,100,0.17609369798483343
interpolation,IMQ,0,4,1.0,225,0.02414528939954734
interpolation,IMQ,0,4,1.0,400,0.015982309317020636
interpolation,IMQ,0,4,1.0,900,0.018286848704573942
interpolation,IMQ,0,4,1.0,2025,0.4533979110592677
interpolation,IMQ,0,4,1.0,4900,0.39869389958498536
interpolation,Gaussian,0,4,1.0,100,0.13778704112077847
interpolation,Gaussian,0,4,1.0,225,0.6688320030167013
interpolation,Gaussian,0,4,1.0,400,0.8807976043152461
interpolation,Gaussian,0,4,1.0,900,2.367170536536848
interpolation,Gaussian,0,4,1.0,2025,1.8805522445455758
interpolation,Gaussian,0,4,1.0,4900,3.8639151295116188
laplacian,PHS,1,1,0.0,100,5.989988933823895e14
laplacian,PHS,1,1,0.0,225,3.9336728968395706e14
laplacian,PHS,1,1,0.0,400,2.973526125906019e14
laplacian,PHS,1,1,0.0,900,1.9980856657023166e14
laplacian,PHS,1,1,0.0,2025,1.3319186761664052e14
laplacian,PHS,1,1,0.0,4900,8.545178230661981e13
laplacian,PHS,3,2,0.0,100,0.2601607106628507
laplacian,PHS,3,2,0.0,225,0.14905312067622312
laplacian,PHS,3,2,0.0,400,0.10984570668484081
laplacian,PHS,3,2,0.0,900,0.069172904552137
laplacian,PHS,3,2,0.0,2025,0.045012779234812984
laplacian,PHS,3,2,0.0,4900,0.028355616385754366
laplacian,PHS,5,3,0.0,100,0.05791584591688446
laplacian,PHS,5,3,0.0,225,0.021879752901983972
laplacian,PHS,5,3,0.0,400,0.012947894405028075
laplacian,PHS,5,3,0.0,900,0.005065703071368227
laplacian,PHS,5,3,0.0,2025,0.0021129107340649165
laplacian,PHS,5,3,0.0,4900,0.0008260409349859446
laplacian,PHS,7,4,0.0,100,0.0159627199135126
laplacian,PHS,7,4,0.0,225,0.0036712387631434927
laplacian,PHS,7,4,0.0,400,0.0013397125805927788
laplacian,PHS,7,4,0.0,900,0.00029962866826647056
laplacian,PHS,7,4,0.0,2025,7.175460664780655e-5
laplacian,PHS,7,4,0.0,4900,1.5589632084626945e-5
laplacian,PHS,5,2,0.0,100,0.11017580151995335
laplacian,PHS,5,2,0.0,225,0.05911483749890274
laplacian,PHS,5,2,0.0,400,0.042673936507424126
laplacian,PHS,5,2,0.0,900,0.024140184826444155
laplacian,PHS,5,2,0.0,2025,0.014957866051039749
laplacian,PHS,5,2,0.0,4900,0.008733210880087761
laplacian,PHS,5,4,0.0,100,0.01805847246337975
laplacian,PHS,5,4,0.0,225,0.004218930674718789
laplacian,PHS,5,4,0.0,400,0.0015492785986495454
laplacian,PHS,5,4,0.0,900,0.00037586027613515727
laplacian,PHS,5,4,0.0,2025,8.783983201107964e-5
laplacian,PHS,5,4,0.0,4900,1.8705131330114255e-5
laplacian,PHS,5,5,0.0,100,0.00706031209372612
laplacian,PHS,5,5,0.0,225,0.0012257693561285286
laplacian,PHS,5,5,0.0,400,0.0003116125795518289
laplacian,PHS,5,5,0.0,900,4.695815686829856e-5
laplacian,PHS,5,5,0.0,2025,9.371094736615016e-6
laplacian,PHS,5,5,0.0,4900,1.2802654057773643e-6
laplacian,PHS,7,3,0.0,100,0.0213001880114416
laplacian,PHS,7,3,0.0,225,0.007403944450217521
laplacian,PHS,7,3,0.0,400,0.004148510804230124
laplacian,PHS,7,3,0.0,900,0.0015780235706356143
laplacian,PHS,7,3,0.0,2025,0.0006533034551036278
laplacian,PHS,7,3,0.0,4900,0.00026678038483114036
laplacian,PHS,7,5,0.0,100,0.0062134573114946854
laplacian,PHS,7,5,0.0,225,0.0013421572237742325
laplacian,PHS,7,5,0.0,400,0.000383301878563991
laplacian,PHS,7,5,0.0,900,6.641120912670773e-5
laplacian,PHS,7,5,0.0,2025,1.303189445781317e-5
laplacian,PHS,7,5,0.0,4900,1.8554471478369652e-6
laplacian,PHS,7,6,0.0,100,0.0015360424870336949
laplacian,PHS,7,6,0.0,225,0.00015341806446847372
laplacian,PHS,7,6,0.0,400,3.31459504454234e-5
laplacian,PHS,7,6,0.0,900,4.095449513405587e-6
laplacian,PHS,7,6,0.0,2025,3.6180767234983886e-7
laplacian,PHS,7,6,0.0,4900,3.160904326916071e-8
laplacian,PHS,3,1,0.0,100,1.1044263388140594
laplacian,PHS,3,1,0.0,225,1.0445223510948043
laplacian,PHS,3,1,0.0,400,1.056132699220638
laplacian,PHS,3,1,0.0,900,1.0650969322216277
laplacian,PHS,3,1,0.0,2025,1.0561126847346964
laplacian,PHS,3,1,0.0,4900,1.0446423484655776
laplacian,PHS,3,3,0.0,100,0.09255230864170624
laplacian,PHS,3,3,0.0,225,0.03505699280907718
laplacian,PHS,3,3,0.0,400,0.020548563370881276
laplacian,PHS,3,3,0.0,900,0.008254458331246075
laplacian,PHS,3,3,0.0,2025,0.0034290524451383504
laplacian,PHS,3,3,0.0,4900,0.0013875696963913298
laplacian,PHS,3,4,0.0,100,0.023559421856145794
laplacian,PHS,3,4,0.0,225,0.006388988170527827
laplacian,PHS,3,4,0.0,400,0.002325178646845869
laplacian,PHS,3,4,0.0,900,0.0006728860755080201
laplacian,PHS,3,4,0.0,2025,0.00015503464213278232
laplacian,PHS,3,4,0.0,4900,3.3478802310508984e-5
laplacian,IMQ,0,0,1.0,100,0.42441325668075486
laplacian,IMQ,0,0,1.0,225,0.44014060209193906
laplacian,IMQ,0,0,1.0,400,0.41507206438586747
laplacian,IMQ,0,0,1.0,900,0.3825591463090821
laplacian,IMQ,0,0,1.0,2025,0.402940428007608
laplacian,IMQ,0,0,1.0,4900,0.39606391782040656
laplacian,Gaussian,0,0,1.0,100,0.42618918426047314
laplacian,Gaussian,0,0,1.0,225,0.4421262902735384
laplacian,Gaussian,0,0,1.0,400,0.4160438288700191
laplacian,Gaussian,0,0,1.0,900,0.38196682208636723
laplacian,Gaussian,0,0,1.0,2025,0.4032053581559012
laplacian,Gaussian,0,0,1.0,4900,0.3961265148405132
laplacian,IMQ,0,1,1.0,100,0.24322537302116168
laplacian,IMQ,0,1,1.0,225,0.22232242973853375
laplacian,IMQ,0,1,1.0,400,0.14728533624214832
laplacian,IMQ,0,1,1.0,900,0.11302094190971643
laplacian,IMQ,0,1,1.0,2025,0.09144098617267744
laplacian,IMQ,0,1,1.0,4900,0.06835850441069871
laplacian,Gaussian,0,1,1.0,100,0.22733427662451272
laplacian,Gaussian,0,1,1.0,225,0.19459110973905455
laplacian,Gaussian,0,1,1.0,400,0.11970274668559153
laplacian,Gaussian,0,1,1.0,900,0.10133630662257438
laplacian,Gaussian,0,1,1.0,2025,0.08006282846645398
laplacian,Gaussian,0,1,1.0,4900,0.057841225293999245
laplacian,IMQ,0,2,1.0,100,0.0489429213696245
laplacian,IMQ,0,2,1.0,225,0.018257624240384223
laplacian,IMQ,0,2,1.0,400,0.009094665026266232
laplacian,IMQ,0,2,1.0,900,0.0031475254249887
laplacian,IMQ,0,2,1.0,2025,0.0012409166140926
laplacian,IMQ,0,2,1.0,4900,0.0004619449656193368
laplacian,Gaussian,0,2,1.0,100,0.039115465208676224
laplacian,Gaussian,0,2,1.0,225,0.014035208360408604
laplacian,Gaussian,0,2,1.0,400,0.006478273882132725
laplacian,Gaussian,0,2,1.0,900,0.002487008993523445
laplacian,Gaussian,0,2,1.0,2025,0.001012668359954088
laplacian,Gaussian,0,2,1.0,4900,0.0004060380449426985
laplacian,IMQ,0,3,1.0,100,0.012832247283741443
laplacian,IMQ,0,3,1.0,225,0.0021702261332961054
laplacian,IMQ,0,3,1.0,400,0.0010863609889125193
laplacian,IMQ,0,3,1.0,900,0.00017054038537728749
laplacian,IMQ,0,3,1.0,2025,5.970443049857268e-5
laplacian,IMQ,0,3,1.0,4900,0.0008590551204690877
laplacian,Gaussian,0,3,1.0,100,0.006209751791937141
laplacian,Gaussian,0,3,1.0,225,0.0014974027964655304
laplacian,Gaussian,0,3,1.0,400,0.0006198066381734955
laplacian,Gaussian,0,3,1.0,900,0.00012538288681421692
laplacian,Gaussian,0,3,1.0,2025,0.00016426969948628536
laplacian,Gaussian,0,3,1.0,4900,0.0008943899420423041
laplacian,IMQ,0,4,1.0,100,0.0035191428078610648
laplacian,IMQ,0,4,1.0,225,0.00039191466484456323
laplacian,IMQ,0,4,1.0,400,0.00010752417895187727
laplacian,IMQ,0,4,1.0,900,2.4588239185701114e-5
laplacian,IMQ,0,4,1.0,2025,5.5513019200133307e-5
laplacian,IMQ,0,4,1.0,4900,0.0006170320672934669
laplacian,Gaussian,0,4,1.0,100,0.0004282237051957037
laplacian,Gaussian,0,4,1.0,225,6.244610102610333e-5
laplacian,Gaussian,0,4,1.0,400,4.1118830325398236e-5
laplacian,Gaussian,0,4,1.0,900,0.0002662353246794887
laplacian,Gaussian,0,4,1.0,2025,0.0004253253474010421
laplacian,Gaussian,0,4,1.0,4900,0.0014879458892382723
gradient,PHS,1,1,0.0,100,0.09606315176025178
gradient,PHS,1,1,0.0,225,0.05407059159094155
gradient,PHS,1,1,0.0,400,0.03726477777222381
gradient,PHS,1,1,0.0,900,0.02205200467512509
gradient,PHS,1,1,0.0,2025,0.014044400259247788
gradient,PHS,1,1,0.0,4900,0.008682644827850354
gradient,PHS,3,2,0.0,100,0.022248238963154962
gradient,PHS,3,2,0.0,225,0.007458551510484316
gradient,PHS,3,2,0.0,400,0.00397603237583967
gradient,PHS,3,2,0.0,900,0.0014587030815723147
gradient,PHS,3,2,0.0,2025,0.0005972407549646496
gradient,PHS,3,2,0.0,4900,0.00022982143010973213
gradient,PHS,5,3,0.0,100,0.004257388745381604
gradient,PHS,5,3,0.0,225,0.0009633289798386674
gradient,PHS,5,3,0.0,400,0.000405899233631161
gradient,PHS,5,3,0.0,900,9.61345941670555e-5
gradient,PHS,5,3,0.0,2025,2.309167051649148e-5
gradient,PHS,5,3,0.0,4900,5.387277563710629e-6
gradient,PHS,7,4,0.0,100,0.0010996922194435703
gradient,PHS,7,4,0.0,225,0.00015829123114088266
gradient,PHS,7,4,0.0,400,4.550775039164087e-5
gradient,PHS,7,4,0.0,900,7.083093617022766e-6
gradient,PHS,7,4,0.0,2025,1.139179196273562e-6
gradient,PHS,7,4,0.0,4900,1.748820297140601e-7
gradient,PHS,5,2,0.0,100,0.01424838191293459
gradient,PHS,5,2,0.0,225,0.004825757942364639
gradient,PHS,5,2,0.0,400,0.0025549925334223717
gradient,PHS,5,2,0.0,900,0.0009116606701687075
gradient,PHS,5,2,0.0,2025,0.0003686710738533548
gradient,PHS,5,2,0.0,4900,0.0001384735599823703
gradient,PHS,5,4,0.0,100,0.0016150647424606052
gradient,PHS,5,4,0.0,225,0.00024292319459415799
gradient,PHS,5,4,0.0,400,6.805721949358116e-5
gradient,PHS,5,4,0.0,900,1.1857520241292244e-5
gradient,PHS,5,4,0.0,2025,1.7956484907713187e-6
gradient,PHS,5,4,0.0,4900,2.6011473318985744e-7
gradient,PHS,5,5,0.0,100,0.0005636593751926531
gradient,PHS,5,5,0.0,225,5.9614539441248e-5
gradient,PHS,5,5,0.0,400,1.149234489652628e-5
gradient,PHS,5,5,0.0,900,9.504591102240929e-7
gradient,PHS,5,5,0.0,2025,1.3108958489563953e-7
gradient,PHS,5,5,0.0,4900,1.1637878772623044e-8
gradient,PHS,7,3,0.0,100,0.0022502937624230513
gradient,PHS,7,3,0.0,225,0.0004949868220924019
gradient,PHS,7,3,0.0,400,0.00020735815185571107
gradient,PHS,7,3,0.0,900,4.581681515002253e-5
gradient,PHS,7,3,0.0,2025,1.153023564022562e-5
gradient,PHS,7,3,0.0,4900,2.9416523794764013e-6
gradient,PHS,7,5,0.0,100,0.0003249192055140253
gradient,PHS,7,5,0.0,225,3.5526953932525316e-5
gradient,PHS,7,5,0.0,400,6.787940203023114e-6
gradient,PHS,7,5,0.0,900,5.890823256719879e-7
gradient,PHS,7,5,0.0,2025,7.748868823127485e-8
gradient,PHS,7,5,0.0,4900,6.680790659020983e-9
gradient,PHS,7,6,0.0,100,0.00013240301093752924
gradient,PHS,7,6,0.0,225,7.292449242529838e-6
gradient,PHS,7,6,0.0,400,1.1747800057268194e-6
gradient,PHS,7,6,0.0,900,1.0541242364308149e-7
gradient,PHS,7,6,0.0,2025,5.885411912315115e-9
gradient,PHS,7,6,0.0,4900,3.509501482930897e-10
gradient,PHS,3,1,0.0,100,0.07493252432821682
gradient,PHS,3,1,0.0,225,0.04255274033031231
gradient,PHS,3,1,0.0,400,0.030188758196073955
gradient,PHS,3,1,0.0,900,0.01708919613634686
gradient,PHS,3,1,0.0,2025,0.010694671005452345
gradient,PHS,3,1,0.0,4900,0.006528911001589414
gradient,PHS,3,3,0.0,100,0.006093454057122373
gradient,PHS,3,3,0.0,225,0.0013283004028302615
gradient,PHS,3,3,0.0,400,0.0005847980971217839
gradient,PHS,3,3,0.0,900,0.0001366619351630193
gradient,PHS,3,3,0.0,2025,3.1659844180646966e-5
gradient,PHS,3,3,0.0,4900,7.1681554744114135e-6
gradient,PHS,3,4,0.0,100,0.0020555809454567177
gradient,PHS,3,4,0.0,225,0.0003322821570927641
gradient,PHS,3,4,0.0,400,9.065274449350454e-5
gradient,PHS,3,4,0.0,900,1.88544423784037e-5
gradient,PHS,3,4,0.0,2025,2.688476865051809e-6
gradient,PHS,3,4,0.0,4900,3.3759049603291156e-7
gradient,IMQ,0,0,1.0,100,0.08733189289245023
gradient,IMQ,0,0,1.0,225,0.054571314177775436
gradient,IMQ,0,0,1.0,400,0.03839497152722759
gradient,IMQ,0,0,1.0,900,0.022744738348490265
gradient,IMQ,0,0,1.0,2025,0.015549476329280453
gradient,IMQ,0,0,1.0,4900,0.009938364508159344
gradient,Gaussian,0,0,1.0,100,0.08757096877524095
gradient,Gaussian,0,0,1.0,225,0.054748663802111554
gradient,Gaussian,0,0,1.0,400,0.038421874065398647
gradient,Gaussian,0,0,1.0,900,0.022652022247872158
gradient,Gaussian,0,0,1.0,2025,0.01555569895275665
gradient,Gaussian,0,0,1.0,4900,0.009939526518361821
gradient,IMQ,0,1,1.0,100,0.05134485461269366
gradient,IMQ,0,1,1.0,225,0.026519323622664757
gradient,IMQ,0,1,1.0,400,0.013686540268184067
gradient,IMQ,0,1,1.0,900,0.007069949761497934
gradient,IMQ,0,1,1.0,2025,0.003335995923236415
gradient,IMQ,0,1,1.0,4900,0.0015858488703014346
gradient,Gaussian,0,1,1.0,100,0.048071916742374814
gradient,Gaussian,0,1,1.0,225,0.02353448096584576
gradient,Gaussian,0,1,1.0,400,0.011055393948591459
gradient,Gaussian,0,1,1.0,900,0.006279799953559227
gradient,Gaussian,0,1,1.0,2025,0.002978167757924558
gradient,Gaussian,0,1,1.0,4900,0.0013533087696264846
gradient,IMQ,0,2,1.0,100,0.006621414771109747
gradient,IMQ,0,2,1.0,225,0.001659904836128315
gradient,IMQ,0,2,1.0,400,0.0006605387358427225
gradient,IMQ,0,2,1.0,900,0.00015447948369781326
gradient,IMQ,0,2,1.0,2025,4.3495041711573895e-5
gradient,IMQ,0,2,1.0,4900,1.1188756987073706e-5
gradient,Gaussian,0,2,1.0,100,0.00521977253648414
gradient,Gaussian,0,2,1.0,225,0.0012829161658931036
gradient,Gaussian,0,2,1.0,400,0.0004889996227985275
gradient,Gaussian,0,2,1.0,900,0.0001266208985842313
gradient,Gaussian,0,2,1.0,2025,3.5753188565815484e-5
gradient,Gaussian,0,2,1.0,4900,9.905829573291467e-6
gradient,IMQ,0,3,1.0,100,0.0013739202061121242
gradient,IMQ,0,3,1.0,225,0.00014023949023536593
gradient,IMQ,0,3,1.0,400,5.592510421588013e-5
gradient,IMQ,0,3,1.0,900,5.9210505462682315e-6
gradient,IMQ,0,3,1.0,2025,4.5433201728876966e-6
gradient,IMQ,0,3,1.0,4900,1.5202861053945788e-5
gradient,Gaussian,0,3,1.0,100,0.000585052263483768
gradient,Gaussian,0,3,1.0,225,9.28832618074045e-5
gradient,Gaussian,0,3,1.0,400,3.15352713318829e-5
gradient,Gaussian,0,3,1.0,900,4.6842975263128625e-6
gradient,Gaussian,0,3,1.0,2025,1.3632848243093154e-5
gradient,Gaussian,0,3,1.0,4900,1.5739998800882387e-5
gradient,IMQ,0,4,1.0,100,0.0003718528668448104
gradient,IMQ,0,4,1.0,225,2.3379190758053634e-5
gradient,IMQ,0,4,1.0,400,4.47302774443152e-6
gradient,IMQ,0,4,1.0,900,1.015582459339791e-6
gradient,IMQ,0,4,1.0,2025,1.5023779439524563e-6
gradient,IMQ,0,4,1.0,4900,1.878752827038879e-5
gradient,Gaussian,0,4,1.0,100,4.340542241364971e-5
gradient,Gaussian,0,4,1.0,225,3.522875898139667e-6
gradient,Gaussian,0,4,1.0,400,1.0882284093126663e-5
gradient,Gaussian,0,4,1.0,900,4.381726040240864e-6
gradient,Gaussian,0,4,1.0,2025,9.234491618039477e-6
gradient,Gaussian,0,4,1.0,4900,3.930570657925326e-5
partial1,PHS,1,1,0.0,100,0.09399447759550975
partial1,PHS,1,1,0.0,225,0.05262758763006462
partial1,PHS,1,1,0.0,400,0.03627807960550658
partial1,PHS,1,1,0.0,900,0.020723425601713683
partial1,PHS,1,1,0.0,2025,0.012941604048540032
partial1,PHS,1,1,0.0,4900,0.007900078522887414
partial1,PHS,3,2,0.0,100,0.022393633095557225
partial1,PHS,3,2,0.0,225,0.007708751677904198
partial1,PHS,3,2,0.0,400,0.004009595113442309
partial1,PHS,3,2,0.0,900,0.0014530731011765652
partial1,PHS,3,2,0.0,2025,0.0005916741113304285
partial1,PHS,3,2,0.0,4900,0.00022460788149974783
partial1,PHS,5,3,0.0,100,0.0038105348505969717
partial1,PHS,5,3,0.0,225,0.0009277430063216419
partial1,PHS,5,3,0.0,400,0.00034577158531888584
partial1,PHS,5,3,0.0,900,8.560020166362481e-5
partial1,PHS,5,3,0.0,2025,2.045391158213601e-5
partial1,PHS,5,3,0.0,4900,4.9156278812519735e-6
partial1,PHS,7,4,0.0,100,0.0011122538324040184
partial1,PHS,7,4,0.0,225,0.00016109042285927328
partial1,PHS,7,4,0.0,400,4.5561921243586366e-5
partial1,PHS,7,4,0.0,900,6.775892981628276e-6
partial1,PHS,7,4,0.0,2025,1.1322255074011076e-6
partial1,PHS,7,4,0.0,4900,1.746334111492785e-7
partial1,PHS,5,2,0.0,100,0.01448276713443831
partial1,PHS,5,2,0.0,225,0.005070362283655021
partial1,PHS,5,2,0.0,400,0.0026130912761177997
partial1,PHS,5,2,0.0,900,0.0009301306318132004
partial1,PHS,5,2,0.0,2025,0.0003794597672728352
partial1,PHS,5,2,0.0,4900,0.00014030544399489417
partial1,PHS,5,4,0.0,100,0.0015934043286458257
partial1,PHS,5,4,0.0,225,0.0002460024827652771
partial1,PHS,5,4,0.0,400,6.725730327733088e-5
partial1,PHS,5,4,0.0,900,1.0399898001051118e-5
partial1,PHS,5,4,0.0,2025,1.695781623103697e-6
partial1,PHS,5,4,0.0,4900,2.483718281981235e-7
partial1,PHS,5,5,0.0,100,0.00042960711699263003
partial1,PHS,5,5,0.0,225,3.865954398780202e-5
partial1,PHS,5,5,0.0,400,6.743113137232601e-6
partial1,PHS,5,5,0.0,900,5.951390777648055e-7
partial1,PHS,5,5,0.0,2025,6.189608391954799e-8
partial1,PHS,5,5,0.0,4900,6.435848668904219e-9
partial1,PHS,7,3,0.0,100,0.0021816285289141335
partial1,PHS,7,3,0.0,225,0.0005069911163621937
partial1,PHS,7,3,0.0,400,0.00018705727582139033
partial1,PHS,7,3,0.0,900,4.355018998459545e-5
partial1,PHS,7,3,0.0,2025,1.0917569933336647e-5
partial1,PHS,7,3,0.0,4900,2.8926526622420726e-6
partial1,PHS,7,5,0.0,100,0.00025762251414401224
partial1,PHS,7,5,0.0,225,2.604597424315844e-5
partial1,PHS,7,5,0.0,400,4.790354431992199e-6
partial1,PHS,7,5,0.0,900,4.3941299848825987e-7
partial1,PHS,7,5,0.0,2025,4.5434930825446703e-8
partial1,PHS,7,5,0.0,4900,4.948117633201302e-9
partial1,PHS,7,6,0.0,100,0.00013060985841950414
partial1,PHS,7,6,0.0,225,7.137587360436715e-6
partial1,PHS,7,6,0.0,400,1.0469438047888051e-6
partial1,PHS,7,6,0.0,900,6.6370219459451e-8
partial1,PHS,7,6,0.0,2025,4.382495078484781e-9
partial1,PHS,7,6,0.0,4900,2.6082549190670145e-10
partial1,PHS,3,1,0.0,100,0.07419671919373036
partial1,PHS,3,1,0.0,225,0.042569151412844855
partial1,PHS,3,1,0.0,400,0.030288714154511488
partial1,PHS,3,1,0.0,900,0.01640246138076078
partial1,PHS,3,1,0.0,2025,0.010181451512905407
partial1,PHS,3,1,0.0,4900,0.006245763203725568
partial1,PHS,3,3,0.0,100,0.005037284549495981
partial1,PHS,3,3,0.0,225,0.0011817023745079678
partial1,PHS,3,3,0.0,400,0.00044544683737147577
partial1,PHS,3,3,0.0,900,0.00010977916466488949
partial1,PHS,3,3,0.0,2025,2.5793890386034022e-5
partial1,PHS,3,3,0.0,4900,5.9672084682556574e-6
partial1,PHS,3,4,0.0,100,0.0019978376709675204
partial1,PHS,3,4,0.0,225,0.00031449048712730985
partial1,PHS,3,4,0.0,400,8.349852853997556e-5
partial1,PHS,3,4,0.0,900,1.3075436226332826e-5
partial1,PHS,3,4,0.0,2025,2.0134981952017135e-6
partial1,PHS,3,4,0.0,4900,2.7240423632739654e-7
partial1,IMQ,0,0,1.0,100,0.08639927956289917
partial1,IMQ,0,0,1.0,225,0.05434140963335405
partial1,IMQ,0,0,1.0,400,0.03803348717535773
partial1,IMQ,0,0,1.0,900,0.022117998233721615
partial1,IMQ,0,0,1.0,2025,0.015175694479690183
partial1,IMQ,0,0,1.0,4900,0.009766302020050202
partial1,Gaussian,0,0,1.0,100,0.08655830702111719
partial1,Gaussian,0,0,1.0,225,0.05447071456191365
partial1,Gaussian,0,0,1.0,400,0.03807024411913749
partial1,Gaussian,0,0,1.0,900,0.022007945133042814
partial1,Gaussian,0,0,1.0,2025,0.015182732606636088
partial1,Gaussian,0,0,1.0,4900,0.009767062065352135
partial1,IMQ,0,1,1.0,100,0.049613580040762294
partial1,IMQ,0,1,1.0,225,0.026783881863312455
partial1,IMQ,0,1,1.0,400,0.013686090634707783
partial1,IMQ,0,1,1.0,900,0.006800652196796173
partial1,IMQ,0,1,1.0,2025,0.003232369391242222
partial1,IMQ,0,1,1.0,4900,0.0015312078123687941
partial1,Gaussian,0,1,1.0,100,0.04341665856704322
partial1,Gaussian,0,1,1.0,225,0.022237225765281667
partial1,Gaussian,0,1,1.0,400,0.010274109095377097
partial1,Gaussian,0,1,1.0,900,0.0058092256558415056
partial1,Gaussian,0,1,1.0,2025,0.002743892072201752
partial1,Gaussian,0,1,1.0,4900,0.0012475090001398809
partial1,IMQ,0,2,1.0,100,0.006295011784357709
partial1,IMQ,0,2,1.0,225,0.0015678199050684237
partial1,IMQ,0,2,1.0,400,0.000603688864636398
partial1,IMQ,0,2,1.0,900,0.0001365730147948738
partial1,IMQ,0,2,1.0,2025,4.002506877536759e-5
partial1,IMQ,0,2,1.0,4900,9.824991627327914e-6
partial1,Gaussian,0,2,1.0,100,0.003875888572262225
partial1,Gaussian,0,2,1.0,225,0.001033866291429636
partial1,Gaussian,0,2,1.0,400,0.0003899844951317157
partial1,Gaussian,0,2,1.0,900,0.00010012574611363077
partial1,Gaussian,0,2,1.0,2025,2.902206605532667e-5
partial1,Gaussian,0,2,1.0,4900,7.698508687519348e-6
partial1,IMQ,0,3,1.0,100,0.0009382048882167458
partial1,IMQ,0,3,1.0,225,0.0001362093744905982
partial1,IMQ,0,3,1.0,400,3.429302289160599e-5
partial1,IMQ,0,3,1.0,900,4.782061543386386e-6
partial1,IMQ,0,3,1.0,2025,2.5476196581148097e-6
partial1,IMQ,0,3,1.0,4900,1.1956714838327636e-5
partial1,Gaussian,0,3,1.0,100,0.0004979084500397106
partial1,Gaussian,0,3,1.0,225,8.696941404595536e-5
partial1,Gaussian,0,3,1.0,400,2.7679150015254353e-5
partial1,Gaussian,0,3,1.0,900,3.933281977026424e-6
partial1,Gaussian,0,3,1.0,2025,7.982034537660821e-6
partial1,Gaussian,0,3,1.0,4900,1.0461072932122984e-5
partial1,IMQ,0,4,1.0,100,0.0003180878874376623
partial1,IMQ,0,4,1.0,225,2.059613910582011e-5
partial1,IMQ,0,4,1.0,400,3.509889051295537e-6
partial1,IMQ,0,4,1.0,900,6.905182839456995e-7
partial1,IMQ,0,4,1.0,2025,9.138734941828133e-7
partial1,IMQ,0,4,1.0,4900,2.016723334360012e-5
partial1,Gaussian,0,4,1.0,100,3.1823303355822e-5
partial1,Gaussian,0,4,1.0,225,3.3164294816028505e-6
partial1,Gaussian,0,4,1.0,400,4.123638397124176e-6
partial1,Gaussian,0,4,1.0,900,3.6020825934294894e-6
partial1,Gaussian,0,4,1.0,2025,8.231833096371934e-6
partial1,Gaussian,0,4,1.0,4900,3.7412628751562744e-5
partial2,PHS,1,1,0.0,100,0.847221470301503
partial2,PHS,1,1,0.0,225,0.846157542586746
partial2,PHS,1,1,0.0,400,0.8445133301769453
partial2,PHS,1,1,0.0,900,0.8223918058580563
partial2,PHS,1,1,0.0,2025,0.831644512006804
partial2,PHS,1,1,0.0,4900,0.8255254831809624
partial2,PHS,3,2,0.0,100,0.1919828606335707
partial2,PHS,3,2,0.0,225,0.10989652927958765
partial2,PHS,3,2,0.0,400,0.07402968865729502
partial2,PHS,3,2,0.0,900,0.04297255981684189
partial2,PHS,3,2,0.0,2025,0.026846321902180455
partial2,PHS,3,2,0.0,4900,0.016254180324672716
partial2,PHS,5,3,0.0,100,0.0385935599803432
partial2,PHS,5,3,0.0,225,0.01400971797137004
partial2,PHS,5,3,0.0,400,0.007010900379332208
partial2,PHS,5,3,0.0,900,0.0025678362628356647
partial2,PHS,5,3,0.0,2025,0.0009701863723518192
partial2,PHS,5,3,0.0,4900,0.00035504514196138515
partial2,PHS,7,4,0.0,100,0.0135535400981889
partial2,PHS,7,4,0.0,225,0.002976832790154991
partial2,PHS,7,4,0.0,400,0.0010567532000982404
partial2,PHS,7,4,0.0,900,0.0002331731130676821
partial2,PHS,7,4,0.0,2025,5.6598755621082776e-5
partial2,PHS,7,4,0.0,4900,1.2609978649455644e-5
partial2,PHS,5,2,0.0,100,0.11420687387145442
partial2,PHS,5,2,0.0,225,0.06252012503135736
partial2,PHS,5,2,0.0,400,0.04157997474933709
partial2,PHS,5,2,0.0,900,0.02177201087386621
partial2,PHS,5,2,0.0,2025,0.013112485011286562
partial2,PHS,5,2,0.0,4900,0.00716115978299013
partial2,PHS,5,4,0.0,100,0.01861715393291804
partial2,PHS,5,4,0.0,225,0.004294799095834086
partial2,PHS,5,4,0.0,400,0.0014880714050416772
partial2,PHS,5,4,0.0,900,0.0003348540408966218
partial2,PHS,5,4,0.0,2025,7.929017622278423e-5
partial2,PHS,5,4,0.0,4900,1.676278994976698e-5
partial2,PHS,5,5,0.0,100,0.005444923642933029
partial2,PHS,5,5,0.0,225,0.0007237757739586816
partial2,PHS,5,5,0.0,400,0.0001653602023524261
partial2,PHS,5,5,0.0,900,2.2194196344070913e-5
partial2,PHS,5,5,0.0,2025,3.3245190632715582e-6
partial2,PHS,5,5,0.0,4900,5.082042610371556e-7
partial2,PHS,7,3,0.0,100,0.021868466862898568
partial2,PHS,7,3,0.0,225,0.0077834086375526855
partial2,PHS,7,3,0.0,400,0.0038444179698255117
partial2,PHS,7,3,0.0,900,0.001315351929338569
partial2,PHS,7,3,0.0,2025,0.0005210980162010978
partial2,PHS,7,3,0.0,4900,0.00020430989987878516
partial2,PHS,7,5,0.0,100,0.003586050896348261
partial2,PHS,7,5,0.0,225,0.0005180180906266929
partial2,PHS,7,5,0.0,400,0.0001230838476444278
partial2,PHS,7,5,0.0,900,1.7099318186414923e-5
partial2,PHS,7,5,0.0,2025,2.5730744078133032e-6
partial2,PHS,7,5,0.0,4900,4.1247568116645203e-7
partial2,PHS,7,6,0.0,100,0.0016645726139808156
partial2,PHS,7,6,0.0,225,0.0001577730054468464
partial2,PHS,7,6,0.0,400,2.9972518864662543e-5
partial2,PHS,7,6,0.0,900,2.8650220398215628e-6
partial2,PHS,7,6,0.0,2025,2.692834441346902e-7
partial2,PHS,7,6,0.0,4900,2.3003833833455805e-8
partial2,PHS,3,1,0.0,100,0.5546426270959971
partial2,PHS,3,1,0.0,225,0.49819436979726034
partial2,PHS,3,1,0.0,400,0.4826269166405765
partial2,PHS,3,1,0.0,900,0.446648869710361
partial2,PHS,3,1,0.0,2025,0.4318460316674444
partial2,PHS,3,1,0.0,4900,0.42320885228279825
partial2,PHS,3,3,0.0,100,0.05381071641891492
partial2,PHS,3,3,0.0,225,0.01933476198592566
partial2,PHS,3,3,0.0,400,0.01000833388378902
partial2,PHS,3,3,0.0,900,0.0038697718161992013
partial2,PHS,3,3,0.0,2025,0.001523631575874816
partial2,PHS,3,3,0.0,4900,0.0005896425812918413
partial2,PHS,3,4,0.0,100,0.02251557518948616
partial2,PHS,3,4,0.0,225,0.00538045645297279
partial2,PHS,3,4,0.0,400,0.0018606167313692768
partial2,PHS,3,4,0.0,900,0.0004282374009899051
partial2,PHS,3,4,0.0,2025,0.00010089975637418385
partial2,PHS,3,4,0.0,4900,2.1334071400415063e-5
partial2,IMQ,0,0,1.0,100,0.4857422823729178
partial2,IMQ,0,0,1.0,225,0.5177413297364356
partial2,IMQ,0,0,1.0,400,0.4722032303269545
partial2,IMQ,0,0,1.0,900,0.44595078263009663
partial2,IMQ,0,0,1.0,2025,0.46518497561618577
partial2,IMQ,0,0,1.0,4900,0.4627971146061715
partial2,Gaussian,0,0,1.0,100,0.49013502878113185
partial2,Gaussian,0,0,1.0,225,0.5197610124218912
partial2,Gaussian,0,0,1.0,400,0.4734323514050331
partial2,Gaussian,0,0,1.0,900,0.44543971526299575
partial2,Gaussian,0,0,1.0,2025,0.46524187416633644
partial2,Gaussian,0,0,1.0,4900,0.46286808725674977
partial2,IMQ,0,1,1.0,100,0.27983812148863546
partial2,IMQ,0,1,1.0,225,0.2375319402509792
partial2,IMQ,0,1,1.0,400,0.15616111500658303
partial2,IMQ,0,1,1.0,900,0.11683711393651237
partial2,IMQ,0,1,1.0,2025,0.09893347681096679
partial2,IMQ,0,1,1.0,4900,0.07661433809781046
partial2,Gaussian,0,1,1.0,100,0.2323018477193105
partial2,Gaussian,0,1,1.0,225,0.19440253063978788
partial2,Gaussian,0,1,1.0,400,0.11790000969567982
partial2,Gaussian,0,1,1.0,900,0.09767476596434085
partial2,Gaussian,0,1,1.0,2025,0.08232674557993935
partial2,Gaussian,0,1,1.0,4900,0.06203646986191413
partial2,IMQ,0,2,1.0,100,0.048360683030939114
partial2,IMQ,0,2,1.0,225,0.018651045060955038
partial2,IMQ,0,2,1.0,400,0.008629588120294305
partial2,IMQ,0,2,1.0,900,0.0030183925454682382
partial2,IMQ,0,2,1.0,2025,0.0012165419156941661
partial2,IMQ,0,2,1.0,4900,0.0004348976302075271
partial2,Gaussian,0,2,1.0,100,0.029967960486319473
partial2,Gaussian,0,2,1.0,225,0.012356564398500938
partial2,Gaussian,0,2,1.0,400,0.00533532999524328
partial2,Gaussian,0,2,1.0,900,0.0021003619641449083
partial2,Gaussian,0,2,1.0,2025,0.0008553913049158264
partial2,Gaussian,0,2,1.0,4900,0.00033510664829505674
partial2,IMQ,0,3,1.0,100,0.00978872827891186
partial2,IMQ,0,3,1.0,225,0.002275893211387865
partial2,IMQ,0,3,1.0,400,0.0006994723084088442
partial2,IMQ,0,3,1.0,900,0.00015458505343115961
partial2,IMQ,0,3,1.0,2025,6.38850823430471e-5
partial2,IMQ,0,3,1.0,4900,0.0001576441342751553
partial2,Gaussian,0,3,1.0,100,0.005020137748893884
partial2,Gaussian,0,3,1.0,225,0.00147260528191191
partial2,Gaussian,0,3,1.0,400,0.0005555278003209256
partial2,Gaussian,0,3,1.0,900,0.00011925994206159637
partial2,Gaussian,0,3,1.0,2025,0.00017445323283031563
partial2,Gaussian,0,3,1.0,4900,0.0006045801731682019
partial2,IMQ,0,4,1.0,100,0.0035830406024280215
partial2,IMQ,0,4,1.0,225,0.00036312897894461656
partial2,IMQ,0,4,1.0,400,8.54486574117339e-5
partial2,IMQ,0,4,1.0,900,1.1056850113617167e-5
partial2,IMQ,0,4,1.0,2025,2.211395955031121e-5
partial2,IMQ,0,4,1.0,4900,3.385775394029138e-5
partial2,Gaussian,0,4,1.0,100,0.00034656899306577654
partial2,Gaussian,0,4,1.0,225,6.411859530533034e-5
partial2,Gaussian,0,4,1.0,400,3.405098808147166e-5
partial2,Gaussian,0,4,1.0,900,0.00027482654164641163
partial2,Gaussian,0,4,1.0,2025,0.0002725164077214114
partial2,Gaussian,0,4,1.0,4900,0.0010246241210599776
mixed_partial,PHS,1,1,0.0,100,2.497993552584856
mixed_partial,PHS,1,1,0.0,225,2.9702774475498352
mixed_partial,PHS,1,1,0.0,400,2.9046253643209954
mixed_partial,PHS,1,1,0.0,900,2.619301275423829
mixed_partial,PHS,1,1,0.0,2025,2.783848677072979
mixed_partial,PHS,1,1,0.0,4900,2.8849463630458234
mixed_partial,PHS,3,2,0.0,100,8.884168205929218
mixed_partial,PHS,3,2,0.0,225,10.006085948650792
mixed_partial,PHS,3,2,0.0,400,10.604276159502124
mixed_partial,PHS,3,2,0.0,900,10.922896181371195
mixed_partial,PHS,3,2,0.0,2025,11.048956301624752
mixed_partial,PHS,3,2,0.0,4900,11.120159460194927
mixed_partial,PHS,5,3,0.0,100,0.07689074744881236
mixed_partial,PHS,5,3,0.0,225,0.0345372905242626
mixed_partial,PHS,5,3,0.0,400,0.01552992527662168
mixed_partial,PHS,5,3,0.0,900,0.0064908937785023765
mixed_partial,PHS,5,3,0.0,2025,0.0026023250975055947
mixed_partial,PHS,5,3,0.0,4900,0.0009451250074984367
mixed_partial,PHS,7,4,0.0,100,0.022397948654664185
mixed_partial,PHS,7,4,0.0,225,0.007483166744233174
mixed_partial,PHS,7,4,0.0,400,0.0022561123986527295
mixed_partial,PHS,7,4,0.0,900,0.0007999397440209388
mixed_partial,PHS,7,4,0.0,2025,0.0001665491220828022
mixed_partial,PHS,7,4,0.0,4900,3.746793902023e-5
mixed_partial,PHS,5,2,0.0,100,9.172183393435036
mixed_partial,PHS,5,2,0.0,225,10.146251009667335
mixed_partial,PHS,5,2,0.0,400,10.69638843397675
mixed_partial,PHS,5,2,0.0,900,10.961008915502251
mixed_partial,PHS,5,2,0.0,2025,11.06485721685379
mixed_partial,PHS,5,2,0.0,4900,11.125453264197354
mixed_partial,PHS,5,4,0.0,100,0.03511437438645338
mixed_partial,PHS,5,4,0.0,225,0.01187739214763217
mixed_partial,PHS,5,4,0.0,400,0.0037588529240647254
mixed_partial,PHS,5,4,0.0,900,0.0014659799875719143
mixed_partial,PHS,5,4,0.0,2025,0.0002993945324693059
mixed_partial,PHS,5,4,0.0,4900,6.890293877309222e-5
mixed_partial,PHS,5,5,0.0,100,0.017458596622870182
mixed_partial,PHS,5,5,0.0,225,0.002537810728258024
mixed_partial,PHS,5,5,0.0,400,0.0005657371565992125
mixed_partial,PHS,5,5,0.0,900,6.791268475421309e-5
mixed_partial,PHS,5,5,0.0,2025,1.3686121507698642e-5
mixed_partial,PHS,5,5,0.0,4900,1.967674527939183e-6
mixed_partial,PHS,7,3,0.0,100,0.0393553977153619
mixed_partial,PHS,7,3,0.0,225,0.015682060860401796
mixed_partial,PHS,7,3,0.0,400,0.007795499407002772
mixed_partial,PHS,7,3,0.0,900,0.0028780657197618915
mixed_partial,PHS,7,3,0.0,2025,0.0011075821811956643
mixed_partial,PHS,7,3,0.0,4900,0.0003871960140383923
mixed_partial,PHS,7,5,0.0,100,0.012050329523222176
mixed_partial,PHS,7,5,0.0,225,0.0018539853528544458
mixed_partial,PHS,7,5,0.0,400,0.00040955754882075914
mixed_partial,PHS,7,5,0.0,900,5.130781181583101e-5
mixed_partial,PHS,7,5,0.0,2025,8.49444379245677e-6
mixed_partial,PHS,7,5,0.0,4900,1.278790224257039e-6
mixed_partial,PHS,7,6,0.0,100,0.003679820484510113
mixed_partial,PHS,7,6,0.0,225,0.0003598233699557576
mixed_partial,PHS,7,6,0.0,400,8.667380395431973e-5
mixed_partial,PHS,7,6,0.0,900,1.333045975925569e-5
mixed_partial,PHS,7,6,0.0,2025,1.2244738371221093e-6
mixed_partial,PHS,7,6,0.0,4900,1.384064987996296e-7
mixed_partial,PHS,3,1,0.0,100,1.9260033672643144
mixed_partial,PHS,3,1,0.0,225,1.9886577686113174
mixed_partial,PHS,3,1,0.0,400,2.0336075979934396
mixed_partial,PHS,3,1,0.0,900,1.8809556133175065
mixed_partial,PHS,3,1,0.0,2025,2.0462647782398125
mixed_partial,PHS,3,1,0.0,4900,2.0683264277966567
mixed_partial,PHS,3,3,0.0,100,0.11536239286755559
mixed_partial,PHS,3,3,0.0,225,0.05196469541673775
mixed_partial,PHS,3,3,0.0,400,0.022377537747939675
mixed_partial,PHS,3,3,0.0,900,0.009741366563769218
mixed_partial,PHS,3,3,0.0,2025,0.004093842982497343
mixed_partial,PHS,3,3,0.0,4900,0.0015439579647907298
mixed_partial,PHS,3,4,0.0,100,0.050885761048278744
mixed_partial,PHS,3,4,0.0,225,0.020311141520357567
mixed_partial,PHS,3,4,0.0,400,0.006601856869352346
mixed_partial,PHS,3,4,0.0,900,0.0025231270988955025
mixed_partial,PHS,3,4,0.0,2025,0.0005235690102905135
mixed_partial,PHS,3,4,0.0,4900,0.00011702379887009865
mixed_partial,IMQ,0,0,1.0,100,2.2786029287642724
mixed_partial,IMQ,0,0,1.0,225,2.645203778684401
mixed_partial,IMQ,0,0,1.0,400,2.6015505205550946
mixed_partial,IMQ,0,0,1.0,900,2.5433408056744997
mixed_partial,IMQ,0,0,1.0,2025,2.624578787949876
mixed_partial,IMQ,0,0,1.0,4900,2.628212958263332
mixed_partial,Gaussian,0,0,1.0,100,2.274268051810089
mixed_partial,Gaussian,0,0,1.0,225,2.6289737396620736
mixed_partial,Gaussian,0,0,1.0,400,2.593796450415223
mixed_partial,Gaussian,0,0,1.0,900,2.546628904559422
mixed_partial,Gaussian,0,0,1.0,2025,2.623518722851387
mixed_partial,Gaussian,0,0,1.0,4900,2.6273626534941332
mixed_partial,IMQ,0,1,1.0,100,1.0989895048775613
mixed_partial,IMQ,0,1,1.0,225,0.7220210136143568
mixed_partial,IMQ,0,1,1.0,400,0.521903023734429
mixed_partial,IMQ,0,1,1.0,900,0.502225437981519
mixed_partial,IMQ,0,1,1.0,2025,0.3854157952145564
mixed_partial,IMQ,0,1,1.0,4900,0.3123184221216319
mixed_partial,Gaussian,0,1,1.0,100,1.3272719215929163
mixed_partial,Gaussian,0,1,1.0,225,0.6695036385512874
mixed_partial,Gaussian,0,1,1.0,400,0.4402288954085757
mixed_partial,Gaussian,0,1,1.0,900,0.5337329497955028
mixed_partial,Gaussian,0,1,1.0,2025,0.36401910528383397
mixed_partial,Gaussian,0,1,1.0,4900,0.2962877857022721
mixed_partial,IMQ,0,2,1.0,100,7.841658518023204
mixed_partial,IMQ,0,2,1.0,225,8.441985850761133
mixed_partial,IMQ,0,2,1.0,400,8.955143829824701
mixed_partial,IMQ,0,2,1.0,900,9.145530008175793
mixed_partial,IMQ,0,2,1.0,2025,9.197707173942677
mixed_partial,IMQ,0,2,1.0,4900,9.334670550065379
mixed_partial,Gaussian,0,2,1.0,100,6.451544755183331
mixed_partial,Gaussian,0,2,1.0,225,7.0240903032034625
mixed_partial,Gaussian,0,2,1.0,400,7.503864762510156
mixed_partial,Gaussian,0,2,1.0,900,7.699568648699474
mixed_partial,Gaussian,0,2,1.0,2025,7.6204235166532035
mixed_partial,Gaussian,0,2,1.0,4900,7.94559206688064
mixed_partial,IMQ,0,3,1.0,100,0.03360982473027065
mixed_partial,IMQ,0,3,1.0,225,0.008063090253218273
mixed_partial,IMQ,0,3,1.0,400,0.003366892442656107
mixed_partial,IMQ,0,3,1.0,900,0.000651388627317912
mixed_partial,IMQ,0,3,1.0,2025,0.000477795387265033
mixed_partial,IMQ,0,3,1.0,4900,0.003653263258350339
mixed_partial,Gaussian,0,3,1.0,100,0.01883939678214278
mixed_partial,Gaussian,0,3,1.0,225,0.0036102075847374167
mixed_partial,Gaussian,0,3,1.0,400,0.002078241146557418
mixed_partial,Gaussian,0,3,1.0,900,0.0005241070836502356
mixed_partial,Gaussian,0,3,1.0,2025,0.0009979971660536414
mixed_partial,Gaussian,0,3,1.0,4900,0.004392548343042637
mixed_partial,IMQ,0,4,1.0,100,0.008289629728258668
mixed_partial,IMQ,0,4,1.0,225,0.0020711331096309803
mixed_partial,IMQ,0,4,1.0,400,0.0004527996804374404
mixed_partial,IMQ,0,4,1.0,900,0.0001394919091135099
mixed_partial,IMQ,0,4,1.0,2025,0.00019862408871644456
mixed_partial,IMQ,0,4,1.0,4900,0.0003727134478504499
mixed_partial,Gaussian,0,4,1.0,100,0.0017647436220968415
mixed_partial,Gaussian,0,4,1.0,225,0.0002746453912053535
mixed_partial,Gaussian,0,4,1.0,400,0.00021805251029804483
mixed_partial,Gaussian,0,4,1.0,900,0.0006174338546823657
mixed_partial,Gaussian,0,4,1.0,2025,0.0009598408020690704
mixed_partial,Gaussian,0,4,1.0,4900,0.005304693170442507
hessian,PHS,1,1,0.0,100,1.0265111655134902
hessian,PHS,1,1,0.0,225,1.0365576305369477
hessian,PHS,1,1,0.0,400,1.027144457574475
hessian,PHS,1,1,0.0,900,1.021491776384662
hessian,PHS,1,1,0.0,2025,1.026682934485207
hessian,PHS,1,1,0.0,4900,1.024654514788731
hessian,PHS,3,2,0.0,100,0.6734253032401931
hessian,PHS,3,2,0.0,225,0.7320197616636405
hessian,PHS,3,2,0.0,400,0.7734454347708911
hessian,PHS,3,2,0.0,900,0.7917843127918007
hessian,PHS,3,2,0.0,2025,0.8008081465227926
hessian,PHS,3,2,0.0,4900,0.8054256324899055
hessian,PHS,5,3,0.0,100,0.043065245699999984
hessian,PHS,5,3,0.0,225,0.01502495180017853
hessian,PHS,5,3,0.0,400,0.00813200327076717
hessian,PHS,5,3,0.0,900,0.0029014832837763065
hessian,PHS,5,3,0.0,2025,0.0010868991791657748
hessian,PHS,5,3,0.0,4900,0.00038872003096873073
hessian,PHS,7,4,0.0,100,0.013647066049585826
hessian,PHS,7,4,0.0,225,0.003028052489337777
hessian,PHS,7,4,0.0,400,0.0010881495852836313
hessian,PHS,7,4,0.0,900,0.0002487894931907096
hessian,PHS,7,4,0.0,2025,5.952465417484708e-5
hessian,PHS,7,4,0.0,4900,1.3199336961305833e-5
hessian,PHS,5,2,0.0,100,0.6734350391300197
hessian,PHS,5,2,0.0,225,0.7358698230203254
hessian,PHS,5,2,0.0,400,0.7773282789200733
hessian,PHS,5,2,0.0,900,0.793498756727772
hessian,PHS,5,2,0.0,2025,0.8015486934710254
hessian,PHS,5,2,0.0,4900,0.8056496668224541
hessian,PHS,5,4,0.0,100,0.019006211219601964
hessian,PHS,5,4,0.0,225,0.004430231592681205
hessian,PHS,5,4,0.0,400,0.0015722794570263746
hessian,PHS,5,4,0.0,900,0.0003883536706352706
hessian,PHS,5,4,0.0,2025,8.95544566470079e-5
hessian,PHS,5,4,0.0,4900,1.8775134002841598e-5
hessian,PHS,5,5,0.0,100,0.006720609211848623
hessian,PHS,5,5,0.0,225,0.0010587581165993167
hessian,PHS,5,5,0.0,400,0.0002558875710559687
hessian,PHS,5,5,0.0,900,3.5873933740988474e-5
hessian,PHS,5,5,0.0,2025,6.7430407542535685e-6
hessian,PHS,5,5,0.0,4900,9.62302849594216e-7
hessian,PHS,7,3,0.0,100,0.023150628645293377
hessian,PHS,7,3,0.0,225,0.0079423305606302
hessian,PHS,7,3,0.0,400,0.004316598573482061
hessian,PHS,7,3,0.0,900,0.0014215021911185611
hessian,PHS,7,3,0.0,2025,0.0005594995724199693
hessian,PHS,7,3,0.0,4900,0.0002130106972577601
hessian,PHS,7,5,0.0,100,0.004176019546303052
hessian,PHS,7,5,0.0,225,0.0006763212635078392
hessian,PHS,7,5,0.0,400,0.0001626038400798732
hessian,PHS,7,5,0.0,900,2.309271459339809e-5
hessian,PHS,7,5,0.0,2025,4.218686365471387e-6
hessian,PHS,7,5,0.0,4900,5.783645160449866e-7
hessian,PHS,7,6,0.0,100,0.0016869697190138625
hessian,PHS,7,6,0.0,225,0.00016462462966683792
hessian,PHS,7,6,0.0,400,3.390368148590548e-5
hessian,PHS,7,6,0.0,900,4.2223181980590885e-6
hessian,PHS,7,6,0.0,2025,3.700995394811084e-7
hessian,PHS,7,6,0.0,4900,3.3577064626974486e-8
hessian,PHS,3,1,0.0,100,0.6536614229788236
hessian,PHS,3,1,0.0,225,0.5951868677028957
hessian,PHS,3,1,0.0,400,0.5882353353759852
hessian,PHS,3,1,0.0,900,0.561491105226892
hessian,PHS,3,1,0.0,2025,0.5544662178275027
hessian,PHS,3,1,0.0,4900,0.5430114419623302
hessian,PHS,3,3,0.0,100,0.0659386911236331
hessian,PHS,3,3,0.0,225,0.02316656417841157
hessian,PHS,3,3,0.0,400,0.012832989034849501
hessian,PHS,3,3,0.0,900,0.004852688701026272
hessian,PHS,3,3,0.0,2025,0.00187130737775922
hessian,PHS,3,3,0.0,4900,0.0007151346262184349
hessian,PHS,3,4,0.0,100,0.023694848180679146
hessian,PHS,3,4,0.0,225,0.006025447820726623
hessian,PHS,3,4,0.0,400,0.002163333315348316
hessian,PHS,3,4,0.0,900,0.0006098841549250785
hessian,PHS,3,4,0.0,2025,0.00014000195893202686
hessian,PHS,3,4,0.0,4900,2.7876584177434208e-5
hessian,IMQ,0,0,1.0,100,0.5427253324332281
hessian,IMQ,0,0,1.0,225,0.5763831623805857
hessian,IMQ,0,0,1.0,400,0.5407671436352827
hessian,IMQ,0,0,1.0,900,0.5184470078314847
hessian,IMQ,0,0,1.0,2025,0.5359340629014481
hessian,IMQ,0,0,1.0,4900,0.5320596878539983
hessian,Gaussian,0,0,1.0,100,0.5458832818521054
hessian,Gaussian,0,0,1.0,225,0.5772917181204655
hessian,Gaussian,0,0,1.0,400,0.5416234188711686
hessian,Gaussian,0,0,1.0,900,0.5180766999470405
hessian,Gaussian,0,0,1.0,2025,0.5359843144384299
hessian,Gaussian,0,0,1.0,4900,0.5321044212503281
hessian,IMQ,0,1,1.0,100,0.31028627010259546
hessian,IMQ,0,1,1.0,225,0.25168703321534097
hessian,IMQ,0,1,1.0,400,0.17324934295138691
hessian,IMQ,0,1,1.0,900,0.1391010668677699
hessian,IMQ,0,1,1.0,2025,0.11143212504138966
hessian,IMQ,0,1,1.0,4900,0.08624744189380618
hessian,Gaussian,0,1,1.0,100,0.2886591224019801
hessian,Gaussian,0,1,1.0,225,0.2214581397200639
hessian,Gaussian,0,1,1.0,400,0.14261191647794155
hessian,Gaussian,0,1,1.0,900,0.1258014754764994
hessian,Gaussian,0,1,1.0,2025,0.09745796592054103
hessian,Gaussian,0,1,1.0,4900,0.07337423991686039
hessian,IMQ,0,2,1.0,100,0.5695346468610436
hessian,IMQ,0,2,1.0,225,0.6103816624878035
hessian,IMQ,0,2,1.0,400,0.6499118399587389
hessian,IMQ,0,2,1.0,900,0.6618233559727624
hessian,IMQ,0,2,1.0,2025,0.666200721262849
hessian,IMQ,0,2,1.0,4900,0.6759426582075029
hessian,Gaussian,0,2,1.0,100,0.46829272307369724
hessian,Gaussian,0,2,1.0,225,0.5078204581169988
hessian,Gaussian,0,2,1.0,400,0.54457169370374
hessian,Gaussian,0,2,1.0,900,0.5571846702936954
hessian,Gaussian,0,2,1.0,2025,0.5519561985891754
hessian,Gaussian,0,2,1.0,4900,0.5753566459804377
hessian,IMQ,0,3,1.0,100,0.014216224573328905
hessian,IMQ,0,3,1.0,225,0.0023988980817797123
hessian,IMQ,0,3,1.0,400,0.0011799872340322406
hessian,IMQ,0,3,1.0,900,0.00019127364560025815
hessian,IMQ,0,3,1.0,2025,9.325389027379106e-5
hessian,IMQ,0,3,1.0,4900,0.0010944342855678279
hessian,Gaussian,0,3,1.0,100,0.006158354886622607
hessian,Gaussian,0,3,1.0,225,0.0015539259459292026
hessian,Gaussian,0,3,1.0,400,0.0006283595770102309
hessian,Gaussian,0,3,1.0,900,0.00014006317057293802
hessian,Gaussian,0,3,1.0,2025,0.00021423527121314633
hessian,Gaussian,0,3,1.0,4900,0.000816482912258933
hessian,IMQ,0,4,1.0,100,0.003940710834428603
hessian,IMQ,0,4,1.0,225,0.00044826296071169515
hessian,IMQ,0,4,1.0,400,0.00011960300436595524
hessian,IMQ,0,4,1.0,900,2.7696564331920076e-5
hessian,IMQ,0,4,1.0,2025,6.623760287493527e-5
hessian,IMQ,0,4,1.0,4900,0.0006829202956603551
hessian,Gaussian,0,4,1.0,100,0.00048459995615723585
hessian,Gaussian,0,4,1.0,225,7.280115505335924e-5
hessian,Gaussian,0,4,1.0,400,4.3802635954614685e-5
hessian,Gaussian,0,4,1.0,900,0.0002717255417888114
hessian,Gaussian,0,4,1.0,2025,0.0003785853658488707
hessian,Gaussian,0,4,1.0,4900,0.0013344793786211537
jacobian,PHS,1,1,0.0,100,0.14165134020854905
jacobian,PHS,1,1,0.0,225,0.07979556877662565
jacobian,PHS,1,1,0.0,400,0.055623433063510655
jacobian,PHS,1,1,0.0,900,0.034566916964448184
jacobian,PHS,1,1,0.0,2025,0.020686550793957568
jacobian,PHS,1,1,0.0,4900,0.012296267807323564
jacobian,PHS,3,2,0.0,100,0.048973098662826425
jacobian,PHS,3,2,0.0,225,0.013167837749905235
jacobian,PHS,3,2,0.0,400,0.0060765187812344065
jacobian,PHS,3,2,0.0,900,0.002498673251373554
jacobian,PHS,3,2,0.0,2025,0.001029506897379998
jacobian,PHS,3,2,0.0,4900,0.00041930273447533784
jacobian,PHS,5,3,0.0,100,0.013992885605744843
jacobian,PHS,5,3,0.0,225,0.003730935888848915
jacobian,PHS,5,3,0.0,400,0.0017911894832638058
jacobian,PHS,5,3,0.0,900,0.00044707718578104624
jacobian,PHS,5,3,0.0,2025,0.00011467294753776326
jacobian,PHS,5,3,0.0,4900,2.3920822939236895e-5
jacobian,PHS,7,4,0.0,100,0.008414595810516566
jacobian,PHS,7,4,0.0,225,0.0006354621064275684
jacobian,PHS,7,4,0.0,400,0.00022023761623339534
jacobian,PHS,7,4,0.0,900,2.949301622526095e-5
jacobian,PHS,7,4,0.0,2025,4.337062500986932e-6
jacobian,PHS,7,4,0.0,4900,6.612091453033434e-7
jacobian,PHS,5,2,0.0,100,0.03288719417762176
jacobian,PHS,5,2,0.0,225,0.0076151973811442895
jacobian,PHS,5,2,0.0,400,0.0038323280930894978
jacobian,PHS,5,2,0.0,900,0.0014078114429034632
jacobian,PHS,5,2,0.0,2025,0.0005424408419469531
jacobian,PHS,5,2,0.0,4900,0.00021671093794032917
jacobian,PHS,5,4,0.0,100,0.011348936425944055
jacobian,PHS,5,4,0.0,225,0.0011247967387350438
jacobian,PHS,5,4,0.0,400,0.0003202263155722146
jacobian,PHS,5,4,0.0,900,4.842942466855638e-5
jacobian,PHS,5,4,0.0,2025,7.171037616582412e-6
jacobian,PHS,5,4,0.0,4900,1.112213538790809e-6
jacobian,PHS,5,5,0.0,100,0.0024467772209716926
jacobian,PHS,5,5,0.0,225,0.00025565785095132986
jacobian,PHS,5,5,0.0,400,0.00010453980237704268
jacobian,PHS,5,5,0.0,900,1.1711111834535952e-5
jacobian,PHS,5,5,0.0,2025,1.1283168053662074e-6
jacobian,PHS,5,5,0.0,4900,1.0709449112153884e-7
jacobian,PHS,7,3,0.0,100,0.010148683825666464
jacobian,PHS,7,3,0.0,225,0.001851356273217786
jacobian,PHS,7,3,0.0,400,0.0011880894627401373
jacobian,PHS,7,3,0.0,900,0.0002539314225084593
jacobian,PHS,7,3,0.0,2025,6.474926782572935e-5
jacobian,PHS,7,3,0.0,4900,1.292518719965254e-5
jacobian,PHS,7,5,0.0,100,0.0014840754048302612
jacobian,PHS,7,5,0.0,225,0.0001596170443307931
jacobian,PHS,7,5,0.0,400,6.737414813487968e-5
jacobian,PHS,7,5,0.0,900,7.672962442847199e-6
jacobian,PHS,7,5,0.0,2025,7.871213074572641e-7
jacobian,PHS,7,5,0.0,4900,6.721579830923568e-8
jacobian,PHS,7,6,0.0,100,0.0017741418327114154
jacobian,PHS,7,6,0.0,225,0.00011273688088058007
jacobian,PHS,7,6,0.0,400,2.1664848315346068e-5
jacobian,PHS,7,6,0.0,900,1.2705310482820524e-6
jacobian,PHS,7,6,0.0,2025,7.246092179861304e-8
jacobian,PHS,7,6,0.0,4900,4.4176077774533545e-9
jacobian,PHS,3,1,0.0,100,0.11540457668658444
jacobian,PHS,3,1,0.0,225,0.0654910946132709
jacobian,PHS,3,1,0.0,400,0.04455283606082872
jacobian,PHS,3,1,0.0,900,0.027578741535388224
jacobian,PHS,3,1,0.0,2025,0.016023883449170745
jacobian,PHS,3,1,0.0,4900,0.00921392224364067
jacobian,PHS,3,3,0.0,100,0.01691846849844146
jacobian,PHS,3,3,0.0,225,0.00536767361930022
jacobian,PHS,3,3,0.0,400,0.0023209141530453033
jacobian,PHS,3,3,0.0,900,0.0005945601830452062
jacobian,PHS,3,3,0.0,2025,0.00014563225573990628
jacobian,PHS,3,3,0.0,4900,3.1747782956511134e-5
jacobian,PHS,3,4,0.0,100,0.014037124317277076
jacobian,PHS,3,4,0.0,225,0.0017417968373926534
jacobian,PHS,3,4,0.0,400,0.0004257737835453457
jacobian,PHS,3,4,0.0,900,6.832952990805533e-5
jacobian,PHS,3,4,0.0,2025,1.0648339344242536e-5
jacobian,PHS,3,4,0.0,4900,1.6220499298189382e-6
jacobian,IMQ,0,0,1.0,100,0.135436137983648
jacobian,IMQ,0,0,1.0,225,0.07876626046145287
jacobian,IMQ,0,0,1.0,400,0.05856397496019836
jacobian,IMQ,0,0,1.0,900,0.03736609742742323
jacobian,IMQ,0,0,1.0,2025,0.023093884156775615
jacobian,IMQ,0,0,1.0,4900,0.014204342274902484
jacobian,Gaussian,0,0,1.0,100,0.13553020754037817
jacobian,Gaussian,0,0,1.0,225,0.07888645373912671
jacobian,Gaussian,0,0,1.0,400,0.058610586210606205
jacobian,Gaussian,0,0,1.0,900,0.037708115642986866
jacobian,Gaussian,0,0,1.0,2025,0.02311006119222528
jacobian,Gaussian,0,0,1.0,4900,0.014206927743073323
jacobian,IMQ,0,1,1.0,100,0.09026294471967182
jacobian,IMQ,0,1,1.0,225,0.041222637880864665
jacobian,IMQ,0,1,1.0,400,0.027126635187731375
jacobian,IMQ,0,1,1.0,900,0.012223787876030796
jacobian,IMQ,0,1,1.0,2025,0.005753702326173021
jacobian,IMQ,0,1,1.0,4900,0.0024064845208640506
jacobian,Gaussian,0,1,1.0,100,0.08454825517981021
jacobian,Gaussian,0,1,1.0,225,0.04074154376059476
jacobian,Gaussian,0,1,1.0,400,0.026214734697021118
jacobian,Gaussian,0,1,1.0,900,0.011743011144839574
jacobian,Gaussian,0,1,1.0,2025,0.005206509380146945
jacobian,Gaussian,0,1,1.0,4900,0.002365084864551589
jacobian,IMQ,0,2,1.0,100,0.01756951846620011
jacobian,IMQ,0,2,1.0,225,0.0040009249176748045
jacobian,IMQ,0,2,1.0,400,0.001475230332724406
jacobian,IMQ,0,2,1.0,900,0.0004969401009440268
jacobian,IMQ,0,2,1.0,2025,0.00012841975374962424
jacobian,IMQ,0,2,1.0,4900,3.610350619469094e-5
jacobian,Gaussian,0,2,1.0,100,0.012710500037200029
jacobian,Gaussian,0,2,1.0,225,0.0038017851375148526
jacobian,Gaussian,0,2,1.0,400,0.0015788327858943462
jacobian,Gaussian,0,2,1.0,900,0.0004995800982213536
jacobian,Gaussian,0,2,1.0,2025,0.00012607280844930308
jacobian,Gaussian,0,2,1.0,4900,3.573513372547268e-5
jacobian,IMQ,0,3,1.0,100,0.005792244172776555
jacobian,IMQ,0,3,1.0,225,0.0006609300976443812
jacobian,IMQ,0,3,1.0,400,0.00021105612956905852
jacobian,IMQ,0,3,1.0,900,2.9173195300589984e-5
jacobian,IMQ,0,3,1.0,2025,3.254969339447326e-5
jacobian,IMQ,0,3,1.0,4900,0.00044659102324997587
jacobian,Gaussian,0,3,1.0,100,0.004442814350076596
jacobian,Gaussian,0,3,1.0,225,0.00048754191166413755
jacobian,Gaussian,0,3,1.0,400,0.00014462671400396673
jacobian,Gaussian,0,3,1.0,900,3.222246207238711e-5
jacobian,Gaussian,0,3,1.0,2025,0.00020649339384730964
jacobian,Gaussian,0,3,1.0,4900,5.577011704524559e-5
jacobian,IMQ,0,4,1.0,100,0.001941739306749183
jacobian,IMQ,0,4,1.0,225,0.00010595408844749744
jacobian,IMQ,0,4,1.0,400,2.1699519514575355e-5
jacobian,IMQ,0,4,1.0,900,5.577679665142027e-6
jacobian,IMQ,0,4,1.0,2025,5.610767105813267e-6
jacobian,IMQ,0,4,1.0,4900,8.692376731261053e-6
jacobian,Gaussian,0,4,1.0,100,0.0005752186953561071
jacobian,Gaussian,0,4,1.0,225,5.476343498002718e-5
jacobian,Gaussian,0,4,1.0,400,0.0011181371516751865
jacobian,Gaussian,0,4,1.0,900,1.7662647718861512e-5
jacobian,Gaussian,0,4,1.0,2025,0.00012827267501994299
jacobian,Gaussian,0,4,1.0,4900,0.0001717650696505538
divergence,PHS,1,1,0.0,100,0.10007359899601088
divergence,PHS,1,1,0.0,225,0.06784378557423422
divergence,PHS,1,1,0.0,400,0.04858724173429863
divergence,PHS,1,1,0.0,900,0.031211985908305564
divergence,PHS,1,1,0.0,2025,0.020188520055061453
divergence,PHS,1,1,0.0,4900,0.013111884945117454
divergence,PHS,3,2,0.0,100,0.04399623256568039
divergence,PHS,3,2,0.0,225,0.01437680714905423
divergence,PHS,3,2,0.0,400,0.006075087146506499
divergence,PHS,3,2,0.0,900,0.002581025618496305
divergence,PHS,3,2,0.0,2025,0.001072068172511245
divergence,PHS,3,2,0.0,4900,0.00042503772157021424
divergence,PHS,5,3,0.0,100,0.009555088459182334
divergence,PHS,5,3,0.0,225,0.003536330558414834
divergence,PHS,5,3,0.0,400,0.00123979746866007
divergence,PHS,5,3,0.0,900,0.00031622399044459204
divergence,PHS,5,3,0.0,2025,8.656514780073675e-5
divergence,PHS,5,3,0.0,4900,2.0099067525331838e-5
divergence,PHS,7,4,0.0,100,0.004929327072357144
divergence,PHS,7,4,0.0,225,0.0005926795510310881
divergence,PHS,7,4,0.0,400,0.00017162352787707623
divergence,PHS,7,4,0.0,900,2.9680077105073056e-5
divergence,PHS,7,4,0.0,2025,4.386452906752215e-6
divergence,PHS,7,4,0.0,4900,6.844155756615412e-7
divergence,PHS,5,2,0.0,100,0.02997668010004121
divergence,PHS,5,2,0.0,225,0.008102112546008025
divergence,PHS,5,2,0.0,400,0.003600055907754423
divergence,PHS,5,2,0.0,900,0.0014575438938883522
divergence,PHS,5,2,0.0,2025,0.000600269393385501
divergence,PHS,5,2,0.0,4900,0.00022691027229045378
divergence,PHS,5,4,0.0,100,0.0062099127473845064
divergence,PHS,5,4,0.0,225,0.0010814348174445385
divergence,PHS,5,4,0.0,400,0.0002878372219119002
divergence,PHS,5,4,0.0,900,5.14307241992413e-5
divergence,PHS,5,4,0.0,2025,7.920286692231506e-6
divergence,PHS,5,4,0.0,4900,1.2422948922345276e-6
divergence,PHS,5,5,0.0,100,0.0034441415320293598
divergence,PHS,5,5,0.0,225,0.0003538660326209817
divergence,PHS,5,5,0.0,400,0.00014598047768074702
divergence,PHS,5,5,0.0,900,1.3033504992705739e-5
divergence,PHS,5,5,0.0,2025,1.3659549460762312e-6
divergence,PHS,5,5,0.0,4900,1.4794114306200395e-7
divergence,PHS,7,3,0.0,100,0.006947093192996149
divergence,PHS,7,3,0.0,225,0.0016756702007011469
divergence,PHS,7,3,0.0,400,0.000541448357515814
divergence,PHS,7,3,0.0,900,0.0001386719874208533
divergence,PHS,7,3,0.0,2025,3.864234413012173e-5
divergence,PHS,7,3,0.0,4900,8.763615879345321e-6
divergence,PHS,7,5,0.0,100,0.0023536649911540535
divergence,PHS,7,5,0.0,225,0.00019061309420334297
divergence,PHS,7,5,0.0,400,7.433446499528694e-5
divergence,PHS,7,5,0.0,900,6.327702525310983e-6
divergence,PHS,7,5,0.0,2025,7.769374618201548e-7
divergence,PHS,7,5,0.0,4900,7.9239375975786e-8
divergence,PHS,7,6,0.0,100,0.001456569284363627
divergence,PHS,7,6,0.0,225,0.00013273017567786127
divergence,PHS,7,6,0.0,400,2.647989835783787e-5
divergence,PHS,7,6,0.0,900,1.345163221377541e-6
divergence,PHS,7,6,0.0,2025,1.0772941048242759e-7
divergence,PHS,7,6,0.0,4900,6.7190415960167156e-9
divergence,PHS,3,1,0.0,100,0.08780890189887848
divergence,PHS,3,1,0.0,225,0.052221250881512894
divergence,PHS,3,1,0.0,400,0.0386009892896851
divergence,PHS,3,1,0.0,900,0.022930942833913795
divergence,PHS,3,1,0.0,2025,0.014522962738376487
divergence,PHS,3,1,0.0,4900,0.009311968131326277
divergence,PHS,3,3,0.0,100,0.014634665808780539
divergence,PHS,3,3,0.0,225,0.005703155265739355
divergence,PHS,3,3,0.0,400,0.002194456131680915
divergence,PHS,3,3,0.0,900,0.0005152759808663488
divergence,PHS,3,3,0.0,2025,0.0001318743441159017
divergence,PHS,3,3,0.0,4900,3.13260226766534e-5
divergence,PHS,3,4,0.0,100,0.009048537585068132
divergence,PHS,3,4,0.0,225,0.001900122925672065
divergence,PHS,3,4,0.0,400,0.00046585845652840236
divergence,PHS,3,4,0.0,900,8.706320715450163e-5
divergence,PHS,3,4,0.0,2025,1.546141500132798e-5
divergence,PHS,3,4,0.0,4900,2.416530614419917e-6
divergence,IMQ,0,0,1.0,100,0.1056036479961977
divergence,IMQ,0,0,1.0,225,0.07220042648149393
divergence,IMQ,0,0,1.0,400,0.051676055602960166
divergence,IMQ,0,0,1.0,900,0.03273547187335245
divergence,IMQ,0,0,1.0,2025,0.02187544446346192
divergence,IMQ,0,0,1.0,4900,0.014306987175060291
divergence,Gaussian,0,0,1.0,100,0.10515883659657992
divergence,Gaussian,0,0,1.0,225,0.0723979796146512
divergence,Gaussian,0,0,1.0,400,0.051620044831777595
divergence,Gaussian,0,0,1.0,900,0.03388233701350191
divergence,Gaussian,0,0,1.0,2025,0.021905000115306522
divergence,Gaussian,0,0,1.0,4900,0.014310725581054597
divergence,IMQ,0,1,1.0,100,0.07017532322690694
divergence,IMQ,0,1,1.0,225,0.03263474706422313
divergence,IMQ,0,1,1.0,400,0.024218338374420906
divergence,IMQ,0,1,1.0,900,0.010310682260014572
divergence,IMQ,0,1,1.0,2025,0.005306857367553275
divergence,IMQ,0,1,1.0,4900,0.0025984525253196153
divergence,Gaussian,0,1,1.0,100,0.07135798008779047
divergence,Gaussian,0,1,1.0,225,0.042985674841073775
divergence,Gaussian,0,1,1.0,400,0.027233975926735033
divergence,Gaussian,0,1,1.0,900,0.012195183401288197
divergence,Gaussian,0,1,1.0,2025,0.005545153755164034
divergence,Gaussian,0,1,1.0,4900,0.0029567547987625143
divergence,IMQ,0,2,1.0,100,0.01576741800016535
divergence,IMQ,0,2,1.0,225,0.004138275935641492
divergence,IMQ,0,2,1.0,400,0.0014316576957057027
divergence,IMQ,0,2,1.0,900,0.0005223856058346894
divergence,IMQ,0,2,1.0,2025,0.00014362746668010982
divergence,IMQ,0,2,1.0,4900,4.255182765796436e-5
divergence,Gaussian,0,2,1.0,100,0.012090365429298757
divergence,Gaussian,0,2,1.0,225,0.004360780570651828
divergence,Gaussian,0,2,1.0,400,0.0016865964953936277
divergence,Gaussian,0,2,1.0,900,0.0005298972247459578
divergence,Gaussian,0,2,1.0,2025,0.00013979752037999194
divergence,Gaussian,0,2,1.0,4900,4.33770131963459e-5
divergence,IMQ,0,3,1.0,100,0.00615286797725744
divergence,IMQ,0,3,1.0,225,0.0007026505602540168
divergence,IMQ,0,3,1.0,400,0.00017181753220623413
divergence,IMQ,0,3,1.0,900,2.67334160563292e-5
divergence,IMQ,0,3,1.0,2025,2.1191444235025445e-5
divergence,IMQ,0,3,1.0,4900,0.0006926896278009177
divergence,Gaussian,0,3,1.0,100,0.004288407618939721
divergence,Gaussian,0,3,1.0,225,0.0005471733823946818
divergence,Gaussian,0,3,1.0,400,0.000145278168709705
divergence,Gaussian,0,3,1.0,900,2.6817583293685234e-5
divergence,Gaussian,0,3,1.0,2025,0.0001502563802986747
divergence,Gaussian,0,3,1.0,4900,6.767963320285647e-5
divergence,IMQ,0,4,1.0,100,0.002283123526461415
divergence,IMQ,0,4,1.0,225,0.0001593839670496546
divergence,IMQ,0,4,1.0,400,3.0504171039950955e-5
divergence,IMQ,0,4,1.0,900,7.295967886266043e-6
divergence,IMQ,0,4,1.0,2025,6.011580488367408e-6
divergence,IMQ,0,4,1.0,4900,1.2004089931893831e-5
divergence,Gaussian,0,4,1.0,100,0.0008275043472727445
divergence,Gaussian,0,4,1.0,225,8.85788761113329e-5
divergence,Gaussian,0,4,1.0,400,0.0006603987353675515
divergence,Gaussian,0,4,1.0,900,1.6140902093028912e-5
divergence,Gaussian,0,4,1.0,2025,0.00019745309116713097
divergence,Gaussian,0,4,1.0,4900,0.00026533585403080723
curl2d,PHS,1,1,0.0,100,0.2263085798012174
curl2d,PHS,1,1,0.0,225,0.12136440041664796
curl2d,PHS,1,1,0.0,400,0.08335921993942463
curl2d,PHS,1,1,0.0,900,0.05098360272882348
curl2d,PHS,1,1,0.0,2025,0.029616540451549385
curl2d,PHS,1,1,0.0,4900,0.01685791871185848
curl2d,PHS,3,2,0.0,100,0.07187934042635376
curl2d,PHS,3,2,0.0,225,0.01765626462011015
curl2d,PHS,3,2,0.0,400,0.008515955511954552
curl2d,PHS,3,2,0.0,900,0.0034541365208029997
curl2d,PHS,3,2,0.0,2025,0.0014073387097848682
curl2d,PHS,3,2,0.0,4900,0.0005804110371039051
curl2d,PHS,5,3,0.0,100,0.0216643701286592
curl2d,PHS,5,3,0.0,225,0.005311110396211892
curl2d,PHS,5,3,0.0,400,0.002777368056683349
curl2d,PHS,5,3,0.0,900,0.0006911152191790765
curl2d,PHS,5,3,0.0,2025,0.0001747891237752654
curl2d,PHS,5,3,0.0,4900,3.548408268225002e-5
curl2d,PHS,7,4,0.0,100,0.0133217200629902
curl2d,PHS,7,4,0.0,225,0.0009099049274282312
curl2d,PHS,7,4,0.0,400,0.0003333487779769002
curl2d,PHS,7,4,0.0,900,4.111126219606885e-5
curl2d,PHS,7,4,0.0,2025,6.020120336198773e-6
curl2d,PHS,7,4,0.0,4900,9.063296663362296e-7
curl2d,PHS,5,2,0.0,100,0.04786736856544457
curl2d,PHS,5,2,0.0,225,0.010289236050880732
curl2d,PHS,5,2,0.0,400,0.005492768547004312
curl2d,PHS,5,2,0.0,900,0.0019416960546865755
curl2d,PHS,5,2,0.0,2025,0.0007174793414876301
curl2d,PHS,5,2,0.0,4900,0.0002952148849632911
curl2d,PHS,5,4,0.0,100,0.018107993263207393
curl2d,PHS,5,4,0.0,225,0.0015928361153514923
curl2d,PHS,5,4,0.0,400,0.00046578247761134726
curl2d,PHS,5,4,0.0,900,6.572983295326645e-5
curl2d,PHS,5,4,0.0,2025,9.49458103979943e-6
curl2d,PHS,5,4,0.0,4900,1.460210258537957e-6
curl2d,PHS,5,5,0.0,100,0.0025149369339302033
curl2d,PHS,5,5,0.0,225,0.00027141965597456076
curl2d,PHS,5,5,0.0,400,0.0001101358392249682
curl2d,PHS,5,5,0.0,900,1.5430886813442006e-5
curl2d,PHS,5,5,0.0,2025,1.395820261002718e-6
curl2d,PHS,5,5,0.0,4900,1.1436816142521424e-7
curl2d,PHS,7,3,0.0,100,0.01570881975793477
curl2d,PHS,7,3,0.0,225,0.0026825513293847903
curl2d,PHS,7,3,0.0,400,0.0019314727340611912
curl2d,PHS,7,3,0.0,900,0.00040710157453592604
curl2d,PHS,7,3,0.0,2025,0.00010259555257231816
curl2d,PHS,7,3,0.0,4900,2.0099136266239817e-5
curl2d,PHS,7,5,0.0,100,0.0011381822075507593
curl2d,PHS,7,5,0.0,225,0.00019935571626325473
curl2d,PHS,7,5,0.0,400,8.925179979355448e-5
curl2d,PHS,7,5,0.0,900,1.1458739127252292e-5
curl2d,PHS,7,5,0.0,2025,1.1030402505807666e-6
curl2d,PHS,7,5,0.0,4900,8.495711396823222e-8
curl2d,PHS,7,6,0.0,100,0.002641189495452802
curl2d,PHS,7,6,0.0,225,0.00014252806633315392
curl2d,PHS,7,6,0.0,400,2.662740764925181e-5
curl2d,PHS,7,6,0.0,900,1.7237659079156642e-6
curl2d,PHS,7,6,0.0,2025,6.768817261526589e-8
curl2d,PHS,7,6,0.0,4900,3.9088750256231515e-9
curl2d,PHS,3,1,0.0,100,0.17826191854929466
curl2d,PHS,3,1,0.0,225,0.09993539889243956
curl2d,PHS,3,1,0.0,400,0.06573517371944711
curl2d,PHS,3,1,0.0,900,0.04118586777926639
curl2d,PHS,3,1,0.0,2025,0.023266219940883962
curl2d,PHS,3,1,0.0,4900,0.012834509511877513
curl2d,PHS,3,3,0.0,100,0.02481744678969672
curl2d,PHS,3,3,0.0,225,0.007244645357341959
curl2d,PHS,3,3,0.0,400,0.0033181929887830417
curl2d,PHS,3,3,0.0,900,0.0008756128707033437
curl2d,PHS,3,3,0.0,2025,0.00021128950499108451
curl2d,PHS,3,3,0.0,4900,4.451163699765775e-5
curl2d,PHS,3,4,0.0,100,0.021941870748548118
curl2d,PHS,3,4,0.0,225,0.002318740696911784
curl2d,PHS,3,4,0.0,400,0.0005672817897520964
curl2d,PHS,3,4,0.0,900,8.105259194211172e-5
curl2d,PHS,3,4,0.0,2025,1.0489286352350535e-5
curl2d,PHS,3,4,0.0,4900,1.5127638722002616e-6
curl2d,IMQ,0,0,1.0,100,0.20572961112742624
curl2d,IMQ,0,0,1.0,225,0.11375853192363218
curl2d,IMQ,0,0,1.0,400,0.08566952083057573
curl2d,IMQ,0,0,1.0,900,0.05478334959452048
curl2d,IMQ,0,0,1.0,2025,0.032914424457242304
curl2d,IMQ,0,0,1.0,4900,0.019726469502500923
curl2d,Gaussian,0,0,1.0,100,0.20564038981328003
curl2d,Gaussian,0,0,1.0,225,0.113838568232582
curl2d,Gaussian,0,0,1.0,400,0.08584167743040122
curl2d,Gaussian,0,0,1.0,900,0.054854109553911075
curl2d,Gaussian,0,0,1.0,2025,0.03293522730622501
curl2d,Gaussian,0,0,1.0,4900,0.01973099820502875
curl2d,IMQ,0,1,1.0,100,0.13650453692975806
curl2d,IMQ,0,1,1.0,225,0.06213614625502723
curl2d,IMQ,0,1,1.0,400,0.03960890935739203
curl2d,IMQ,0,1,1.0,900,0.018164982498632555
curl2d,IMQ,0,1,1.0,2025,0.008293159155377363
curl2d,IMQ,0,1,1.0,4900,0.003224799195486047
curl2d,Gaussian,0,1,1.0,100,0.12508788122128553
curl2d,Gaussian,0,1,1.0,225,0.05518549170612274
curl2d,Gaussian,0,1,1.0,400,0.03595715314140254
curl2d,Gaussian,0,1,1.0,900,0.016115848726889526
curl2d,Gaussian,0,1,1.0,2025,0.007040137030290012
curl2d,Gaussian,0,1,1.0,4900,0.0028434379937813197
curl2d,IMQ,0,2,1.0,100,0.02550636029459686
curl2d,IMQ,0,2,1.0,225,0.0054760351115741195
curl2d,IMQ,0,2,1.0,400,0.0020871323194694862
curl2d,IMQ,0,2,1.0,900,0.0006779996250371882
curl2d,IMQ,0,2,1.0,2025,0.00016862176623908372
curl2d,IMQ,0,2,1.0,4900,4.564849022934258e-5
curl2d,Gaussian,0,2,1.0,100,0.017996411043884324
curl2d,Gaussian,0,2,1.0,225,0.004900281390362218
curl2d,Gaussian,0,2,1.0,400,0.0021327394546101198
curl2d,Gaussian,0,2,1.0,900,0.0006785592708653823
curl2d,Gaussian,0,2,1.0,2025,0.00016642769017350211
curl2d,Gaussian,0,2,1.0,4900,4.412595548545403e-5
curl2d,IMQ,0,3,1.0,100,0.0077910377660837795
curl2d,IMQ,0,3,1.0,225,0.0008927930657836747
curl2d,IMQ,0,3,1.0,400,0.0003158539931783102
curl2d,IMQ,0,3,1.0,900,4.226440443787516e-5
curl2d,IMQ,0,3,1.0,2025,5.09758796568307e-5
curl2d,IMQ,0,3,1.0,4900,0.0003738803182966048
curl2d,Gaussian,0,3,1.0,100,0.006248178333538922
curl2d,Gaussian,0,3,1.0,225,0.0006381540930099662
curl2d,Gaussian,0,3,1.0,400,0.0002011530341962436
curl2d,Gaussian,0,3,1.0,900,4.8050182533648084e-5
curl2d,Gaussian,0,3,1.0,2025,0.0003171348362486634
curl2d,Gaussian,0,3,1.0,4900,6.887308035310933e-5
curl2d,IMQ,0,4,1.0,100,0.0024357964855546196
curl2d,IMQ,0,4,1.0,225,9.528740314964543e-5
curl2d,IMQ,0,4,1.0,400,2.258173884311061e-5
curl2d,IMQ,0,4,1.0,900,6.404860950918995e-6
curl2d,IMQ,0,4,1.0,2025,7.5538400835568626e-6
curl2d,IMQ,0,4,1.0,4900,9.290529053936806e-6
curl2d,Gaussian,0,4,1.0,100,0.0005754436778497539
curl2d,Gaussian,0,4,1.0,225,3.890253803300007e-5
curl2d,Gaussian,0,4,1.0,400,0.0017747626346925267
curl2d,Gaussian,0,4,1.0,900,2.5563388812183525e-5
curl2d,Gaussian,0,4,1.0,2025,0.00010984380112699294
curl2d,Gaussian,0,4,1.0,4900,0.00014555820979087584
