x,y,elevation
0,0,3485.834716797
.020408,0,3497.782470703
.040816,0,3555.289062500
.061224,0,3546.519042969
.081632,0,3567.535644531
.102040,0,3588.925781250
.122448,0,3580.938476562
.142857,0,3597.647216797
.163265,0,3541.801757812
.183673,0,3529.840087891
.204081,0,3540.870117188
.224489,0,3517.200927734
.244897,0,3485.537353516
.265306,0,3472.356689453
.285714,0,3474.564941406
.306122,0,3515.783203125
.326530,0,3526.450927734
.346938,0,3541.927490234
.367346,0,3548.341796875
.387755,0,3567.820312500
.408163,0,3587.261962891
.428571,0,3634.990234375
.448979,0,3656.293701172
.469387,0,3657.715332031
.489795,0,3654.678222656
.510204,0,3647.033935547
.530612,0,3577.136230469
.551020,0,3550.370117188
.571428,0,3546.219970703
.591836,0,3550.832763672
.612244,0,3566.483398438
.632653,0,3579.490722656
.653061,0,3611.789306641
.673469,0,3563.554687500
.693877,0,3545.893554688
.714285,0,3530.413330078
.734693,0,3512.117187500
.755102,0,3476.022949219
.775510,0,3474.270019531
.795918,0,3432.534423828
.816326,0,3408.096679688
.836734,0,3389.026123047
.857142,0,3350.189453125
.877551,0,3315.840576172
.897959,0,3304.975830078
.918367,0,3255.274658203
.938775,0,3220.992919922
.959183,0,3214.588623047
.979591,0,3201.060791016
1.000000,0,3197.628173828
0,.020408,3566.427246094
.020408,.020408,3548.875976562
.040816,.020408,3555.867431641
.061224,.020408,3606.086425781
.081632,.020408,3625.081787109
.102040,.020408,3631.214111328
.122448,.020408,3639.957763672
.142857,.020408,3657.902832031
.163265,.020408,3596.876708984
.183673,.020408,3589.209228516
.204081,.020408,3579.236083984
.224489,.020408,3552.232666016
.244897,.020408,3528.562255859
.265306,.020408,3521.380615234
.285714,.020408,3540.708496094
.306122,.020408,3562.995849609
.326530,.020408,3574.213623047
.346938,.020408,3631.282714844
.367346,.020408,3585.398437500
.387755,.020408,3644.592773438
.408163,.020408,3640.459228516
.428571,.020408,3672.480712891
.448979,.020408,3685.615722656
.469387,.020408,3695.656982422
.489795,.020408,3693.741455078
.510204,.020408,3689.526611328
.530612,.020408,3659.270263672
.551020,.020408,3630.338378906
.571428,.020408,3614.698486328
.591836,.020408,3602.810302734
.612244,.020408,3607.978515625
.632653,.020408,3620.581542969
.653061,.020408,3652.442382812
.673469,.020408,3608.551269531
.693877,.020408,3592.568359375
.714285,.020408,3577.195556641
.734693,.020408,3532.752197266
.755102,.020408,3533.443847656
.775510,.020408,3484.513427734
.795918,.020408,3477.849609375
.816326,.020408,3460.855712891
.836734,.020408,3432.240722656
.857142,.020408,3364.796386719
.877551,.020408,3358.561035156
.897959,.020408,3375.541748047
.918367,.020408,3252.529296875
.938775,.020408,3251.259765625
.959183,.020408,3236.580566406
.979591,.020408,3226.382568359
1.000000,.020408,3219.039306641
0,.040816,3607.752197266
.020408,.040816,3619.486328125
.040816,.040816,3613.338134766
.061224,.040816,3620.319824219
.081632,.040816,3666.497070312
.102040,.040816,3695.171630859
.122448,.040816,3696.882812500
.142857,.040816,3694.241699219
.163265,.040816,3668.572509766
.183673,.040816,3676.297119141
.204081,.040816,3626.486083984
.224489,.040816,3608.126708984
.244897,.040816,3581.909912109
.265306,.040816,3573.206054688
.285714,.040816,3601.593750000
.306122,.040816,3614.147460938
.326530,.040816,3634.826416016
.346938,.040816,3641.539550781
.367346,.040816,3690.819335938
.387755,.040816,3684.339599609
.408163,.040816,3695.354003906
.428571,.040816,3711.764160156
.448979,.040816,3720.487304688
.469387,.040816,3729.845703125
.489795,.040816,3733.125488281
.510204,.040816,3735.248535156
.530612,.040816,3746.237792969
.551020,.040816,3724.548095703
.571428,.040816,3669.225830078
.591836,.040816,3663.557861328
.612244,.040816,3685.551025391
.632653,.040816,3678.505126953
.653061,.040816,3690.353515625
.673469,.040816,3647.111572266
.693877,.040816,3630.379638672
.714285,.040816,3608.913085938
.734693,.040816,3594.735351562
.755102,.040816,3542.753173828
.775510,.040816,3532.083496094
.795918,.040816,3528.586425781
.816326,.040816,3531.853759766
.836734,.040816,3502.372802734
.857142,.040816,3477.045166016
.877551,.040816,3453.715576172
.897959,.040816,3355.864746094
.918367,.040816,3297.975830078
.938775,.040816,3283.782958984
.959183,.040816,3262.842773438
.979591,.040816,3254.394775391
1.000000,.040816,3250.227783203
0,.061224,3572.937255859
.020408,.061224,3623.897460938
.040816,.061224,3689.349121094
.061224,.061224,3680.810546875
.081632,.061224,3682.183837891
.102040,.061224,3706.763183594
.122448,.061224,3738.492431641
.142857,.061224,3739.015136719
.163265,.061224,3736.427001953
.183673,.061224,3735.632568359
.204081,.061224,3721.596923828
.224489,.061224,3650.481201172
.244897,.061224,3631.251220703
.265306,.061224,3625.486816406
.285714,.061224,3632.258300781
.306122,.061224,3655.305664062
.326530,.061224,3686.561523438
.346938,.061224,3706.618408203
.367346,.061224,3727.255615234
.387755,.061224,3729.540771484
.408163,.061224,3738.339599609
.428571,.061224,3745.206298828
.448979,.061224,3754.786621094
.469387,.061224,3764.363525391
.489795,.061224,3768.821289062
.510204,.061224,3768.999511719
.530612,.061224,3780.602539062
.551020,.061224,3763.986816406
.571428,.061224,3745.152587891
.591836,.061224,3743.636962891
.612244,.061224,3747.144775391
.632653,.061224,3748.060058594
.653061,.061224,3723.729248047
.673469,.061224,3658.393798828
.693877,.061224,3658.076904297
.714285,.061224,3649.952636719
.734693,.061224,3611.948242188
.755102,.061224,3595.998779297
.775510,.061224,3577.904296875
.795918,.061224,3577.558837891
.816326,.061224,3581.056152344
.836734,.061224,3544.392333984
.857142,.061224,3507.293212891
.877551,.061224,3434.615966797
.897959,.061224,3384.152343750
.918367,.061224,3318.905273438
.938775,.061224,3308.178466797
.959183,.061224,3289.116210938
.979591,.061224,3281.832763672
1.000000,.061224,3276.707031250
0,.081632,3583.389892578
.020408,.081632,3628.497314453
.040816,.081632,3677.973388672
.061224,.081632,3735.134033203
.081632,.081632,3742.554199219
.102040,.081632,3762.819335938
.122448,.081632,3785.517089844
.142857,.081632,3794.642089844
.163265,.081632,3799.902832031
.183673,.081632,3795.028808594
.204081,.081632,3785.929199219
.224489,.081632,3722.663085938
.244897,.081632,3690.436035156
.265306,.081632,3681.796875000
.285714,.081632,3679.179687500
.306122,.081632,3704.975341797
.326530,.081632,3751.335937500
.346938,.081632,3779.599365234
.367346,.081632,3767.855957031
.387755,.081632,3765.052978516
.408163,.081632,3771.546142578
.428571,.081632,3780.080810547
.448979,.081632,3789.544677734
.469387,.081632,3798.155761719
.489795,.081632,3803.126464844
.510204,.081632,3808.900146484
.530612,.081632,3822.458984375
.551020,.081632,3822.384277344
.571428,.081632,3801.913085938
.591836,.081632,3790.361816406
.612244,.081632,3795.545410156
.632653,.081632,3795.384765625
.653061,.081632,3751.073974609
.673469,.081632,3704.530273438
.693877,.081632,3696.482910156
.714285,.081632,3673.185546875
.734693,.081632,3667.363281250
.755102,.081632,3635.440429688
.775510,.081632,3619.333984375
.795918,.081632,3617.505371094
.816326,.081632,3619.608154297
.836734,.081632,3576.363525391
.857142,.081632,3534.254394531
.877551,.081632,3453.531982422
.897959,.081632,3435.297851562
.918367,.081632,3342.486572266
.938775,.081632,3321.091064453
.959183,.081632,3320.869384766
.979591,.081632,3317.205566406
1.000000,.081632,3306.370361328
0,.102040,3591.669677734
.020408,.102040,3659.369628906
.040816,.102040,3709.863037109
.061224,.102040,3763.356689453
.081632,.102040,3792.523437500
.102040,.102040,3826.409179688
.122448,.102040,3848.364746094
.142857,.102040,3861.608154297
.163265,.102040,3861.410400391
.183673,.102040,3856.058593750
.204081,.102040,3843.908203125
.224489,.102040,3827.835693359
.244897,.102040,3763.185791016
.265306,.102040,3740.749267578
.285714,.102040,3731.319335938
.306122,.102040,3772.926025391
.326530,.102040,3818.547607422
.346938,.102040,3845.697021484
.367346,.102040,3806.811767578
.387755,.102040,3805.658691406
.408163,.102040,3812.071777344
.428571,.102040,3815.011962891
.448979,.102040,3819.611572266
.469387,.102040,3827.951904297
.489795,.102040,3832.149658203
.510204,.102040,3840.656005859
.530612,.102040,3853.034423828
.551020,.102040,3873.500732422
.571428,.102040,3870.499267578
.591836,.102040,3854.062500000
.612244,.102040,3838.267089844
.632653,.102040,3823.558593750
.653061,.102040,3769.089111328
.673469,.102040,3760.100585938
.693877,.102040,3718.359863281
.714285,.102040,3704.429687500
.734693,.102040,3694.362060547
.755102,.102040,3673.214843750
.775510,.102040,3673.203125000
.795918,.102040,3665.751708984
.816326,.102040,3645.549560547
.836734,.102040,3587.545654297
.857142,.102040,3543.956787109
.877551,.102040,3492.732177734
.897959,.102040,3430.972656250
.918367,.102040,3369.602783203
.938775,.102040,3349.358886719
.959183,.102040,3354.600341797
.979591,.102040,3344.537597656
1.000000,.102040,3332.306396484
0,.122448,3616.245605469
.020408,.122448,3649.722412109
.040816,.122448,3719.977294922
.061224,.122448,3757.454101562
.081632,.122448,3812.430419922
.102040,.122448,3858.442626953
.122448,.122448,3907.276855469
.142857,.122448,3919.308837891
.163265,.122448,3917.763671875
.183673,.122448,3917.369628906
.204081,.122448,3907.425048828
.224489,.122448,3840.580566406
.244897,.122448,3819.984619141
.265306,.122448,3798.049560547
.285714,.122448,3814.302978516
.306122,.122448,3835.078857422
.326530,.122448,3877.582519531
.346938,.122448,3890.853759766
.367346,.122448,3875.981445312
.387755,.122448,3855.379638672
.408163,.122448,3851.389892578
.428571,.122448,3853.976806641
.448979,.122448,3856.398193359
.469387,.122448,3856.900878906
.489795,.122448,3859.243652344
.510204,.122448,3867.234130859
.530612,.122448,3881.909912109
.551020,.122448,3916.125244141
.571428,.122448,3919.312011719
.591836,.122448,3899.369628906
.612244,.122448,3878.650390625
.632653,.122448,3854.299316406
.653061,.122448,3804.466064453
.673469,.122448,3781.829833984
.693877,.122448,3742.966064453
.714285,.122448,3733.690917969
.734693,.122448,3726.311035156
.755102,.122448,3716.928955078
.775510,.122448,3718.359130859
.795918,.122448,3703.229248047
.816326,.122448,3676.925292969
.836734,.122448,3649.867919922
.857142,.122448,3589.864501953
.877551,.122448,3518.489746094
.897959,.122448,3483.854003906
.918367,.122448,3405.664794922
.938775,.122448,3394.168457031
.959183,.122448,3386.579101562
.979591,.122448,3373.423583984
1.000000,.122448,3361.624267578
0,.142857,3671.260009766
.020408,.142857,3681.834228516
.040816,.142857,3731.927246094
.061224,.142857,3790.993652344
.081632,.142857,3832.473144531
.102040,.142857,3869.130126953
.122448,.142857,3906.897460938
.142857,.142857,3950.939208984
.163265,.142857,3966.093750000
.183673,.142857,3965.982910156
.204081,.142857,3960.075927734
.224489,.142857,3929.849853516
.244897,.142857,3890.808837891
.265306,.142857,3876.239501953
.285714,.142857,3888.226074219
.306122,.142857,3893.026855469
.326530,.142857,3912.532226562
.346938,.142857,3940.342285156
.367346,.142857,3923.692382812
.387755,.142857,3914.285644531
.408163,.142857,3898.910888672
.428571,.142857,3892.473388672
.448979,.142857,3889.081054688
.469387,.142857,3889.838867188
.489795,.142857,3891.818115234
.510204,.142857,3899.675292969
.530612,.142857,3908.863525391
.551020,.142857,3931.465576172
.571428,.142857,3946.949218750
.591836,.142857,3912.604492188
.612244,.142857,3888.210205078
.632653,.142857,3867.024658203
.653061,.142857,3846.748535156
.673469,.142857,3798.242187500
.693877,.142857,3796.593017578
.714285,.142857,3781.335937500
.734693,.142857,3765.222900391
.755102,.142857,3753.018554688
.775510,.142857,3737.132568359
.795918,.142857,3731.964355469
.816326,.142857,3713.502441406
.836734,.142857,3656.917480469
.857142,.142857,3602.331054688
.877551,.142857,3535.970214844
.897959,.142857,3535.999511719
.918367,.142857,3440.457031250
.938775,.142857,3433.870361328
.959183,.142857,3422.498779297
.979591,.142857,3408.244140625
1.000000,.142857,3409.605468750
0,.163265,3675.641113281
.020408,.163265,3725.346679688
.040816,.163265,3788.795654297
.061224,.163265,3817.961669922
.081632,.163265,3850.342773438
.102040,.163265,3883.164794922
.122448,.163265,3921.299560547
.142857,.163265,3963.460205078
.163265,.163265,4027.497070312
.183673,.163265,4029.907226562
.204081,.163265,4005.257324219
.224489,.163265,3977.709472656
.244897,.163265,3955.242919922
.265306,.163265,3943.048583984
.285714,.163265,3965.665039062
.306122,.163265,3956.456298828
.326530,.163265,3968.676513672
.346938,.163265,3972.288574219
.367346,.163265,3965.797363281
.387755,.163265,3951.182373047
.408163,.163265,3941.256347656
.428571,.163265,3934.737792969
.448979,.163265,3928.239501953
.469387,.163265,3924.858642578
.489795,.163265,3927.180419922
.510204,.163265,3932.428466797
.530612,.163265,3939.235107422
.551020,.163265,3958.292236328
.571428,.163265,3939.427246094
.591836,.163265,3920.436279297
.612244,.163265,3911.383056641
.632653,.163265,3878.623535156
.653061,.163265,3883.139160156
.673469,.163265,3826.144531250
.693877,.163265,3825.130859375
.714285,.163265,3797.426513672
.734693,.163265,3804.158935547
.755102,.163265,3785.233886719
.775510,.163265,3768.423095703
.795918,.163265,3805.297851562
.816326,.163265,3727.191162109
.836734,.163265,3661.524169922
.857142,.163265,3618.572998047
.877551,.163265,3608.044677734
.897959,.163265,3554.784423828
.918367,.163265,3488.975097656
.938775,.163265,3472.091064453
.959183,.163265,3455.297363281
.979591,.163265,3454.834228516
1.000000,.163265,3488.491699219
0,.183673,3702.045410156
.020408,.183673,3747.670654297
.040816,.183673,3769.534179688
.061224,.183673,3829.645019531
.081632,.183673,3877.751953125
.102040,.183673,3900.992919922
.122448,.183673,3936.927734375
.142857,.183673,4000.859130859
.163265,.183673,4026.276367188
.183673,.183673,4079.856689453
.204081,.183673,4067.642578125
.224489,.183673,4041.133544922
.244897,.183673,4024.804931641
.265306,.183673,4012.678710938
.285714,.183673,4020.082275391
.306122,.183673,4032.946044922
.326530,.183673,4017.592285156
.346938,.183673,4014.621582031
.367346,.183673,4007.702392578
.387755,.183673,3998.198974609
.408163,.183673,3984.080078125
.428571,.183673,3970.203125000
.448979,.183673,3965.482177734
.469387,.183673,3962.793945312
.489795,.183673,3961.856445312
.510204,.183673,3962.428710938
.530612,.183673,3973.046386719
.551020,.183673,3982.028808594
.571428,.183673,3965.141601562
.591836,.183673,3946.861572266
.612244,.183673,3938.298583984
.632653,.183673,3929.226806641
.653061,.183673,3904.078857422
.673469,.183673,3873.807617188
.693877,.183673,3858.389648438
.714285,.183673,3842.605712891
.734693,.183673,3827.174560547
.755102,.183673,3819.221435547
.775510,.183673,3843.304687500
.795918,.183673,3824.902832031
.816326,.183673,3764.790283203
.836734,.183673,3690.808593750
.857142,.183673,3687.965332031
.877551,.183673,3661.087158203
.897959,.183673,3585.776367188
.918367,.183673,3528.265625000
.938775,.183673,3527.516845703
.959183,.183673,3528.163818359
.979591,.183673,3547.466308594
1.000000,.183673,3538.064941406
0,.204081,3737.875000000
.020408,.204081,3811.021972656
.040816,.204081,3826.557861328
.061224,.204081,3855.092285156
.081632,.204081,3890.533447266
.102040,.204081,3924.706054688
.122448,.204081,3972.452880859
.142857,.204081,4009.742187500
.163265,.204081,4050.673095703
.183673,.204081,4118.702636719
.204081,.204081,4124.098144531
.224489,.204081,4121.591796875
.244897,.204081,4083.363037109
.265306,.204081,4087.819335938
.285714,.204081,4090.372070312
.306122,.204081,4087.864257812
.326530,.204081,4083.959228516
.346938,.204081,4067.571777344
.367346,.204081,4051.146728516
.387755,.204081,4044.538330078
.408163,.204081,4035.069580078
.428571,.204081,4020.694335938
.448979,.204081,4013.214355469
.469387,.204081,4008.251953125
.489795,.204081,4004.337158203
.510204,.204081,4003.522949219
.530612,.204081,4007.899169922
.551020,.204081,3999.312255859
.571428,.204081,3987.924072266
.591836,.204081,3977.509033203
.612244,.204081,3967.661376953
.632653,.204081,3943.723632812
.653061,.204081,3935.003417969
.673469,.204081,3908.103515625
.693877,.204081,3900.630615234
.714285,.204081,3882.049316406
.734693,.204081,3882.290527344
.755102,.204081,3886.586669922
.775510,.204081,3912.238281250
.795918,.204081,3876.584472656
.816326,.204081,3777.115722656
.836734,.204081,3751.608642578
.857142,.204081,3724.001464844
.877551,.204081,3703.068115234
.897959,.204081,3669.295410156
.918367,.204081,3582.479003906
.938775,.204081,3601.255371094
.959183,.204081,3615.110839844
.979591,.204081,3637.140869141
1.000000,.204081,3594.571044922
0,.224489,3780.701416016
.020408,.224489,3841.085449219
.040816,.224489,3871.216552734
.061224,.224489,3909.676269531
.081632,.224489,3952.604248047
.102040,.224489,3964.384033203
.122448,.224489,4013.363281250
.142857,.224489,4055.682128906
.163265,.224489,4095.307373047
.183673,.224489,4145.626464844
.204081,.224489,4186.259765625
.224489,.224489,4175.794921875
.244897,.224489,4160.037109375
.265306,.224489,4155.658203125
.285714,.224489,4190.298339844
.306122,.224489,4152.239746094
.326530,.224489,4131.288085938
.346938,.224489,4116.689941406
.367346,.224489,4092.987548828
.387755,.224489,4085.878662109
.408163,.224489,4081.053710938
.428571,.224489,4080.015136719
.448979,.224489,4065.440429688
.469387,.224489,4059.145019531
.489795,.224489,4054.237792969
.510204,.224489,4060.348144531
.530612,.224489,4038.583496094
.551020,.224489,4035.741455078
.571428,.224489,4020.340087891
.591836,.224489,4014.212646484
.612244,.224489,3999.277587891
.632653,.224489,3972.755371094
.653061,.224489,3971.238525391
.673469,.224489,3953.163574219
.693877,.224489,3944.026855469
.714285,.224489,3934.625488281
.734693,.224489,3939.090332031
.755102,.224489,3944.418212891
.775510,.224489,3941.732666016
.795918,.224489,3876.375244141
.816326,.224489,3793.865234375
.836734,.224489,3802.746582031
.857142,.224489,3772.388427734
.877551,.224489,3743.122314453
.897959,.224489,3718.471435547
.918367,.224489,3726.289306641
.938775,.224489,3738.053955078
.959183,.224489,3740.010986328
.979591,.224489,3700.598144531
1.000000,.224489,3647.787109375
0,.244897,3833.179931641
.020408,.244897,3848.870117188
.040816,.244897,3905.761230469
.061224,.244897,3954.109375000
.081632,.244897,4016.726318359
.102040,.244897,4043.815673828
.122448,.244897,4079.150634766
.142857,.244897,4102.816894531
.163265,.244897,4140.464843750
.183673,.244897,4178.633300781
.204081,.244897,4224.541503906
.224489,.244897,4231.849121094
.244897,.244897,4242.451171875
.265306,.244897,4237.309570312
.285714,.244897,4227.006835938
.306122,.244897,4198.929199219
.326530,.244897,4184.279296875
.346938,.244897,4170.381835938
.367346,.244897,4155.087402344
.387755,.244897,4142.782226562
.408163,.244897,4134.204101562
.428571,.244897,4128.664062500
.448979,.244897,4120.477050781
.469387,.244897,4109.570800781
.489795,.244897,4108.993652344
.510204,.244897,4099.346679688
.530612,.244897,4091.960937500
.551020,.244897,4072.562011719
.571428,.244897,4050.591308594
.591836,.244897,4047.016845703
.612244,.244897,4031.737792969
.632653,.244897,4015.961425781
.653061,.244897,4001.365234375
.673469,.244897,3993.111572266
.693877,.244897,3987.036132812
.714285,.244897,3983.774902344
.734693,.244897,3978.755859375
.755102,.244897,3976.946044922
.775510,.244897,3940.298583984
.795918,.244897,3893.575439453
.816326,.244897,3839.497558594
.836734,.244897,3834.736083984
.857142,.244897,3809.996093750
.877551,.244897,3773.242187500
.897959,.244897,3762.198242188
.918367,.244897,3778.893310547
.938775,.244897,3781.125000000
.959183,.244897,3767.950683594
.979591,.244897,3750.843017578
1.000000,.244897,3726.439697266
0,.265306,3896.080566406
.020408,.265306,3900.552978516
.040816,.265306,3913.610839844
.061224,.265306,3953.480468750
.081632,.265306,3995.188232422
.102040,.265306,4045.677978516
.122448,.265306,4097.997070312
.142857,.265306,4139.463378906
.163265,.265306,4175.208007812
.183673,.265306,4206.330566406
.204081,.265306,4258.600585938
.224489,.265306,4267.669921875
.244897,.265306,4278.125488281
.265306,.265306,4284.302734375
.285714,.265306,4273.781250000
.306122,.265306,4255.414062500
.326530,.265306,4238.807617188
.346938,.265306,4225.148437500
.367346,.265306,4211.232421875
.387755,.265306,4196.274414062
.408163,.265306,4188.270019531
.428571,.265306,4185.330566406
.448979,.265306,4180.988281250
.469387,.265306,4170.696777344
.489795,.265306,4158.673828125
.510204,.265306,4138.522460938
.551020,.265306,4103.542480469
.571428,.265306,4092.204833984
.591836,.265306,4076.077148438
.612244,.265306,4061.783691406
.632653,.265306,4047.103271484
.653061,.265306,4035.189453125
.673469,.265306,4029.343994141
.693877,.265306,4027.893310547
.714285,.265306,4019.870605469
.734693,.265306,4007.686035156
.755102,.265306,3995.192626953
.775510,.265306,3950.367919922
.795918,.265306,3936.436279297
.816326,.265306,3852.823974609
.836734,.265306,3856.725097656
.857142,.265306,3825.245361328
.877551,.265306,3833.643066406
.897959,.265306,3826.444091797
.918367,.265306,3816.941894531
.938775,.265306,3806.756835938
.959183,.265306,3789.441894531
.979591,.265306,3792.157470703
1.000000,.265306,3812.226562500
0,.285714,3944.232910156
.020408,.285714,3958.968994141
.040816,.285714,3965.699462891
.061224,.285714,4058.429199219
.081632,.285714,4053.139648438
.102040,.285714,4051.407958984
.122448,.285714,4120.093261719
.142857,.285714,4144.636230469
.163265,.285714,4185.251464844
.183673,.285714,4234.698242188
.204081,.285714,4281.405273438
.224489,.285714,4284.123535156
.244897,.285714,4298.335449219
.265306,.285714,4309.503906250
.285714,.285714,4308.067871094
.306122,.285714,4304.245605469
.326530,.285714,4293.499511719
.346938,.285714,4280.728027344
.367346,.285714,4267.141601562
.387755,.285714,4253.632812500
.408163,.285714,4242.539062500
.428571,.285714,4237.084960938
.448979,.285714,4229.443359375
.469387,.285714,4219.103515625
.489795,.285714,4198.953125000
.510204,.285714,4172.140136719
.530612,.285714,4150.080566406
.551020,.285714,4132.772949219
.571428,.285714,4117.911621094
.591836,.285714,4104.169921875
.612244,.285714,4090.238769531
.632653,.285714,4077.506347656
.653061,.285714,4061.818603516
.673469,.285714,4056.096923828
.693877,.285714,4055.188964844
.714285,.285714,4044.848144531
.734693,.285714,4021.620605469
.755102,.285714,3998.503173828
.775510,.285714,3972.908447266
.795918,.285714,3933.671142578
.816326,.285714,3913.118164062
.836734,.285714,3883.764892578
.857142,.285714,3855.513183594
.877551,.285714,3860.479003906
.897959,.285714,3849.452880859
.918367,.285714,3832.097412109
.938775,.285714,3839.289550781
.959183,.285714,3840.646240234
.979591,.285714,3847.401855469
1.000000,.285714,3855.347656250
0,.306122,3964.537353516
.020408,.306122,3994.363281250
.040816,.306122,4039.780761719
.061224,.306122,4085.882812500
.081632,.306122,4114.874511719
.102040,.306122,4147.118652344
.122448,.306122,4174.197265625
.142857,.306122,4192.417480469
.163265,.306122,4227.240722656
.183673,.306122,4232.270996094
.204081,.306122,4245.294433594
.224489,.306122,4254.012695312
.244897,.306122,4264.253417969
.265306,.306122,4276.747558594
.285714,.306122,4286.270996094
.306122,.306122,4291.210449219
.326530,.306122,4295.332031250
.346938,.306122,4296.488769531
.367346,.306122,4294.503417969
.387755,.306122,4288.403320312
.408163,.306122,4280.821289062
.428571,.306122,4266.269042969
.448979,.306122,4253.425781250
.469387,.306122,4239.613281250
.489795,.306122,4220.751464844
.510204,.306122,4197.645996094
.530612,.306122,4178.223632812
.551020,.306122,4160.048828125
.571428,.306122,4145.011718750
.591836,.306122,4131.462402344
.612244,.306122,4118.118652344
.632653,.306122,4103.250000000
.653061,.306122,4089.975341797
.673469,.306122,4082.832275391
.693877,.306122,4081.782958984
.714285,.306122,4064.716064453
.734693,.306122,4035.076416016
.755102,.306122,4028.832031250
.775510,.306122,4003.663085938
.795918,.306122,3981.373779297
.816326,.306122,3984.006347656
.836734,.306122,3948.925781250
.857142,.306122,3925.917968750
.877551,.306122,3914.658203125
.897959,.306122,3888.547607422
.918367,.306122,3883.609619141
.938775,.306122,3870.842041016
.959183,.306122,3860.843261719
.979591,.306122,3798.486083984
1.000000,.306122,3779.835693359
0,.326530,3914.748779297
.020408,.326530,3972.076171875
.040816,.326530,4037.896972656
.061224,.326530,4095.515136719
.081632,.326530,4134.517578125
.102040,.326530,4182.160644531
.122448,.326530,4221.517578125
.142857,.326530,4214.838867188
.163265,.326530,4217.612304688
.183673,.326530,4226.613769531
.204081,.326530,4236.299316406
.224489,.326530,4245.805175781
.244897,.326530,4256.338867188
.265306,.326530,4267.216308594
.285714,.326530,4276.640136719
.306122,.326530,4284.104003906
.326530,.326530,4288.854492188
.346938,.326530,4290.289550781
.367346,.326530,4289.644531250
.387755,.326530,4285.083007812
.408163,.326530,4276.005859375
.428571,.326530,4268.424804688
.448979,.326530,4258.376953125
.469387,.326530,4245.010742188
.489795,.326530,4225.745605469
.510204,.326530,4210.750976562
.530612,.326530,4198.483398438
.551020,.326530,4182.198242188
.571428,.326530,4164.423828125
.591836,.326530,4168.470214844
.612244,.326530,4146.958007812
.632653,.326530,4131.033203125
.653061,.326530,4119.358886719
.673469,.326530,4110.858886719
.693877,.326530,4100.549804688
.714285,.326530,4085.702636719
.734693,.326530,4072.494384766
.755102,.326530,4059.376953125
.775510,.326530,4028.834472656
.795918,.326530,4033.651855469
.816326,.326530,3995.905029297
.836734,.326530,3985.503906250
.857142,.326530,3974.016113281
.877551,.326530,3945.581298828
.897959,.326530,3928.968505859
.918367,.326530,3912.216064453
.938775,.326530,3888.974121094
.959183,.326530,3831.509033203
.979591,.326530,3816.079589844
1.000000,.326530,3768.656250000
0,.346938,3936.941894531
.020408,.346938,3963.675048828
.040816,.346938,4013.891845703
.061224,.346938,4076.052490234
.081632,.346938,4149.050292969
.102040,.346938,4168.059082031
.122448,.346938,4173.328125000
.142857,.346938,4177.689453125
.163265,.346938,4185.023925781
.183673,.346938,4197.321777344
.204081,.346938,4209.372070312
.224489,.346938,4220.695800781
.244897,.346938,4232.843750000
.265306,.346938,4243.583007812
.285714,.346938,4252.956542969
.306122,.346938,4262.119628906
.326530,.346938,4270.788085938
.346938,.346938,4277.183593750
.367346,.346938,4282.454101562
.387755,.346938,4283.295410156
.408163,.346938,4280.491210938
.428571,.346938,4274.588867188
.448979,.346938,4266.070312500
.469387,.346938,4258.357421875
.489795,.346938,4247.365722656
.510204,.346938,4237.075683594
.530612,.346938,4227.028320312
.551020,.346938,4214.878906250
.571428,.346938,4202.014648438
.591836,.346938,4191.940429688
.612244,.346938,4182.559570312
.632653,.346938,4166.756347656
.653061,.346938,4148.147460938
.673469,.346938,4138.746093750
.693877,.346938,4126.459472656
.714285,.346938,4112.768554688
.734693,.346938,4101.034667969
.755102,.346938,4086.741210938
.775510,.346938,4074.947509766
.795918,.346938,4056.871337891
.816326,.346938,4039.491699219
.836734,.346938,4023.982421875
.857142,.346938,3994.867919922
.877551,.346938,3974.872070312
.897959,.346938,3953.874511719
.918367,.346938,3931.548339844
.938775,.346938,3904.240966797
.959183,.346938,3839.595703125
.979591,.346938,3817.387939453
1.000000,.346938,3767.497314453
0,.367346,3810.022460938
.020408,.367346,3861.552490234
.040816,.367346,3910.803710938
.061224,.367346,3999.048339844
.081632,.367346,4047.194091797
.102040,.367346,4133.630371094
.122448,.367346,4155.333007812
.142857,.367346,4166.045898438
.163265,.367346,4177.887695312
.183673,.367346,4193.143066406
.204081,.367346,4207.984863281
.224489,.367346,4220.245605469
.244897,.367346,4231.315429688
.265306,.367346,4240.784667969
.285714,.367346,4249.089355469
.306122,.367346,4256.409667969
.326530,.367346,4263.495605469
.346938,.367346,4269.978027344
.367346,.367346,4276.465332031
.387755,.367346,4281.204101562
.408163,.367346,4283.282226562
.428571,.367346,4280.614746094
.448979,.367346,4275.381347656
.469387,.367346,4269.421875000
.489795,.367346,4262.305175781
.510204,.367346,4256.604980469
.530612,.367346,4250.839355469
.551020,.367346,4247.140625000
.571428,.367346,4240.386718750
.591836,.367346,4230.703125000
.612244,.367346,4220.281738281
.632653,.367346,4208.334960938
.653061,.367346,4194.513671875
.673469,.367346,4179.158691406
.693877,.367346,4160.555664062
.714285,.367346,4146.033203125
.734693,.367346,4134.330566406
.755102,.367346,4119.376953125
.775510,.367346,4104.994140625
.795918,.367346,4090.283447266
.816326,.367346,4072.115234375
.836734,.367346,4056.849609375
.857142,.367346,4036.882324219
.877551,.367346,4014.036621094
.897959,.367346,3991.665771484
.918367,.367346,3953.005371094
.938775,.367346,3917.562744141
.959183,.367346,3855.951660156
.979591,.367346,3820.607666016
1.000000,.367346,3782.148925781
0,.387755,3778.647460938
.020408,.387755,3810.891601562
.040816,.387755,3892.740478516
.061224,.387755,3946.559814453
.081632,.387755,4054.853027344
.102040,.387755,4103.470703125
.122448,.387755,4135.269531250
.142857,.387755,4149.958984375
.163265,.387755,4166.770507812
.183673,.387755,4185.603515625
.204081,.387755,4204.451660156
.224489,.387755,4217.195312500
.244897,.387755,4228.401855469
.265306,.387755,4239.167480469
.285714,.387755,4248.783691406
.306122,.387755,4257.556152344
.326530,.387755,4265.831542969
.346938,.387755,4273.003417969
.367346,.387755,4279.794433594
.387755,.387755,4284.454101562
.408163,.387755,4287.891113281
.428571,.387755,4289.400878906
.448979,.387755,4289.045898438
.469387,.387755,4287.758300781
.489795,.387755,4284.802246094
.510204,.387755,4271.191406250
.530612,.387755,4279.956542969
.551020,.387755,4277.501953125
.571428,.387755,4273.639648438
.591836,.387755,4267.327148438
.612244,.387755,4259.933105469
.632653,.387755,4247.977539062
.653061,.387755,4234.812500000
.673469,.387755,4220.238769531
.693877,.387755,4203.064453125
.714285,.387755,4179.143554688
.734693,.387755,4162.523437500
.755102,.387755,4146.472656250
.775510,.387755,4128.884765625
.795918,.387755,4112.875488281
.816326,.387755,4098.796875000
.836734,.387755,4082.669433594
.857142,.387755,4065.801513672
.877551,.387755,4043.196777344
.897959,.387755,4019.400634766
.918367,.387755,3991.120849609
.938775,.387755,3937.757568359
.959183,.387755,3904.407714844
.979591,.387755,3848.844970703
1.000000,.387755,3823.129882812
0,.408163,3825.200195312
.020408,.408163,3866.557617188
.040816,.408163,3914.564697266
.061224,.408163,3917.097900391
.081632,.408163,3954.801513672
.102040,.408163,4087.769531250
.122448,.408163,4100.114257812
.142857,.408163,4134.470214844
.163265,.408163,4160.288085938
.183673,.408163,4178.496093750
.204081,.408163,4196.343750000
.224489,.408163,4210.321289062
.244897,.408163,4223.859375000
.265306,.408163,4236.679687500
.285714,.408163,4248.797363281
.306122,.408163,4261.119140625
.326530,.408163,4272.020507812
.346938,.408163,4280.492187500
.367346,.408163,4287.905273438
.387755,.408163,4294.569335938
.408163,.408163,4300.252929688
.428571,.408163,4304.443359375
.448979,.408163,4306.856933594
.469387,.408163,4308.833007812
.489795,.408163,4309.909179688
.510204,.408163,4309.934570312
.530612,.408163,4309.277343750
.551020,.408163,4308.208496094
.571428,.408163,4304.656250000
.591836,.408163,4298.981933594
.612244,.408163,4292.516601562
.632653,.408163,4283.932128906
.653061,.408163,4272.953613281
.673469,.408163,4257.672851562
.693877,.408163,4237.950683594
.714285,.408163,4216.918945312
.734693,.408163,4183.780761719
.755102,.408163,4172.224609375
.775510,.408163,4155.140136719
.795918,.408163,4138.768066406
.816326,.408163,4116.475585938
.836734,.408163,4095.562988281
.857142,.408163,4077.585937500
.877551,.408163,4050.988525391
.897959,.408163,4035.282958984
.918367,.408163,4003.761230469
.938775,.408163,3966.413085938
.959183,.408163,3924.553955078
.979591,.408163,3897.806884766
1.000000,.408163,3860.996093750
0,.428571,3854.596679688
.020408,.428571,3893.965332031
.040816,.428571,3933.465332031
.061224,.428571,3972.262695312
.081632,.428571,4013.342041016
.102040,.428571,4054.163574219
.122448,.428571,4096.648437500
.142857,.428571,4122.623046875
.163265,.428571,4147.703613281
.183673,.428571,4169.662109375
.204081,.428571,4187.907714844
.224489,.428571,4204.445312500
.244897,.428571,4220.491210938
.265306,.428571,4237.604980469
.285714,.428571,4255.120117188
.306122,.428571,4270.898925781
.326530,.428571,4283.829589844
.346938,.428571,4293.729492188
.367346,.428571,4304.451660156
.387755,.428571,4314.202636719
.408163,.428571,4324.174316406
.428571,.428571,4327.711425781
.448979,.428571,4332.025878906
.469387,.428571,4334.517089844
.489795,.428571,4336.086425781
.510204,.428571,4337.218750000
.530612,.428571,4337.180664062
.551020,.428571,4335.860839844
.571428,.428571,4331.972167969
.591836,.428571,4329.518554688
.612244,.428571,4321.981445312
.632653,.428571,4310.930175781
.653061,.428571,4298.862792969
.673469,.428571,4284.364746094
.693877,.428571,4267.153320312
.714285,.428571,4245.847167969
.734693,.428571,4224.184570312
.755102,.428571,4203.150878906
.775510,.428571,4179.879882812
.795918,.428571,4157.511718750
.816326,.428571,4133.249511719
.836734,.428571,4104.663574219
.857142,.428571,4082.897705078
.877551,.428571,4058.321289062
.897959,.428571,4024.059326172
.918367,.428571,4006.174072266
.938775,.428571,3968.062255859
.959183,.428571,3931.247558594
.979591,.428571,3910.032958984
1.000000,.428571,3870.320312500
0,.448979,3879.224853516
.020408,.448979,3910.650390625
.040816,.448979,3944.803710938
.061224,.448979,3984.255615234
.081632,.448979,4018.628417969
.102040,.448979,4054.226074219
.122448,.448979,4085.274414062
.142857,.448979,4112.977050781
.163265,.448979,4138.287597656
.183673,.448979,4161.258789062
.204081,.448979,4182.432617188
.224489,.448979,4199.956054688
.244897,.448979,4217.821777344
.265306,.448979,4237.773437500
.285714,.448979,4259.187500000
.306122,.448979,4278.957519531
.326530,.448979,4295.718261719
.346938,.448979,4314.290527344
.367346,.448979,4325.401367188
.387755,.448979,4338.535156250
.408163,.448979,4352.542968750
.428571,.448979,4357.881835938
.448979,.448979,4359.796386719
.469387,.448979,4362.299804688
.489795,.448979,4364.001464844
.510204,.448979,4366.625488281
.530612,.448979,4372.904785156
.551020,.448979,4358.046386719
.571428,.448979,4346.103027344
.591836,.448979,4337.144531250
.612244,.448979,4327.392089844
.632653,.448979,4320.347167969
.653061,.448979,4316.402343750
.673469,.448979,4302.040039062
.693877,.448979,4285.698730469
.714285,.448979,4266.100097656
.734693,.448979,4246.037109375
.755102,.448979,4225.143066406
.775510,.448979,4197.517089844
.795918,.448979,4173.485839844
.816326,.448979,4139.802734375
.836734,.448979,4112.666992188
.857142,.448979,4088.860351562
.877551,.448979,4062.329833984
.897959,.448979,4026.522705078
.918367,.448979,3996.786621094
.938775,.448979,3962.552001953
.959183,.448979,3948.189697266
.979591,.448979,3895.057617188
1.000000,.448979,3887.476562500
0,.469387,3889.348632812
.020408,.469387,3923.766601562
.040816,.469387,3958.476562500
.061224,.469387,3996.506347656
.081632,.469387,4026.359375000
.102040,.469387,4056.158935547
.122448,.469387,4082.083984375
.142857,.469387,4106.591796875
.163265,.469387,4128.044433594
.183673,.469387,4150.319335938
.204081,.469387,4172.359863281
.224489,.469387,4193.356933594
.244897,.469387,4213.259765625
.265306,.469387,4235.642578125
.285714,.469387,4258.321289062
.306122,.469387,4283.806640625
.326530,.469387,4304.910156250
.346938,.469387,4325.773925781
.367346,.469387,4343.812988281
.387755,.469387,4360.917480469
.408163,.469387,4369.427246094
.428571,.469387,4373.372070312
.448979,.469387,4375.410644531
.469387,.469387,4376.959472656
.489795,.469387,4381.734375000
.510204,.469387,4380.081542969
.530612,.469387,4365.757324219
.551020,.469387,4352.874023438
.571428,.469387,4341.059082031
.591836,.469387,4330.114257812
.612244,.469387,4321.021972656
.632653,.469387,4314.363769531
.653061,.469387,4314.252441406
.673469,.469387,4322.583984375
.693877,.469387,4299.260253906
.714285,.469387,4276.009765625
.734693,.469387,4257.368164062
.755102,.469387,4236.187988281
.775510,.469387,4207.023437500
.795918,.469387,4180.833007812
.816326,.469387,4152.939941406
.836734,.469387,4116.026367188
.857142,.469387,4092.033935547
.877551,.469387,4066.695312500
.897959,.469387,4038.072265625
.918367,.469387,4009.485839844
.938775,.469387,3974.474609375
.959183,.469387,3929.194580078
.979591,.469387,3910.625244141
1.000000,.469387,3876.100830078
0,.489795,3883.882812500
.020408,.489795,3931.704589844
.040816,.489795,3955.894042969
.061224,.489795,3997.875732422
.081632,.489795,4022.370117188
.102040,.489795,4052.216796875
.122448,.489795,4080.271728516
.142857,.489795,4103.550781250
.163265,.489795,4125.548828125
.183673,.489795,4146.512207031
.204081,.489795,4167.991699219
.224489,.489795,4189.877929688
.244897,.489795,4213.089843750
.265306,.489795,4237.498046875
.285714,.489795,4259.098144531
.306122,.489795,4289.975585938
.326530,.489795,4319.470214844
.346938,.489795,4348.722656250
.367346,.489795,4365.956542969
.387755,.489795,4379.203125000
.408163,.489795,4376.285644531
.428571,.489795,4378.082031250
.448979,.489795,4378.085449219
.469387,.489795,4378.440917969
.489795,.489795,4381.719238281
.510204,.489795,4377.153808594
.530612,.489795,4361.020507812
.551020,.489795,4347.225585938
.571428,.489795,4335.833496094
.591836,.489795,4326.944824219
.612244,.489795,4319.662109375
.632653,.489795,4313.924316406
.653061,.489795,4311.692382812
.673469,.489795,4317.372558594
.693877,.489795,4313.818359375
.714285,.489795,4280.195312500
.734693,.489795,4257.389160156
.755102,.489795,4237.567382812
.775510,.489795,4207.880859375
.795918,.489795,4181.585449219
.816326,.489795,4155.775390625
.836734,.489795,4125.275878906
.857142,.489795,4096.609863281
.877551,.489795,4067.666992188
.897959,.489795,4045.671386719
.918367,.489795,3992.736816406
.938775,.489795,3965.773193359
.959183,.489795,3935.214843750
.979591,.489795,3900.949951172
1.000000,.489795,3867.981689453
0,.510204,3858.593261719
.020408,.510204,3902.698486328
.040816,.510204,3936.969238281
.061224,.510204,3992.879150391
.081632,.510204,4016.567382812
.102040,.510204,4049.575195312
.122448,.510204,4073.370849609
.142857,.510204,4097.178710938
.163265,.510204,4124.482910156
.183673,.510204,4148.173828125
.204081,.510204,4172.402343750
.224489,.510204,4195.102539062
.244897,.510204,4218.503417969
.265306,.510204,4244.462890625
.285714,.510204,4272.595214844
.306122,.510204,4296.857910156
.326530,.510204,4325.617675781
.346938,.510204,4348.707031250
.367346,.510204,4368.373535156
.387755,.510204,4381.996582031
.408163,.510204,4376.388183594
.428571,.510204,4373.725097656
.448979,.510204,4374.191894531
.469387,.510204,4376.522949219
.489795,.510204,4385.985839844
.510204,.510204,4375.762207031
.530612,.510204,4360.486816406
.551020,.510204,4346.074707031
.571428,.510204,4334.016113281
.591836,.510204,4325.271484375
.612244,.510204,4318.932617188
.632653,.510204,4315.270019531
.653061,.510204,4314.066406250
.673469,.510204,4318.551757812
.693877,.510204,4304.492187500
.714285,.510204,4277.524902344
.734693,.510204,4252.764160156
.755102,.510204,4222.079589844
.775510,.510204,4198.139648438
.795918,.510204,4170.301269531
.816326,.510204,4145.235351562
.836734,.510204,4123.723632812
.857142,.510204,4099.353027344
.877551,.510204,4069.753173828
.897959,.510204,4043.937988281
.918367,.510204,4012.517333984
.938775,.510204,3969.542968750
.959183,.510204,3940.198242188
.979591,.510204,3912.817626953
1.000000,.510204,3877.664062500
0,.530612,3906.241943359
.020408,.530612,3906.011718750
.040816,.530612,3933.211425781
.061224,.530612,3967.717041016
.081632,.530612,4001.619628906
.102040,.530612,4055.643310547
.122448,.530612,4074.807373047
.142857,.530612,4097.494140625
.163265,.530612,4121.739746094
.183673,.530612,4148.080566406
.204081,.530612,4173.948730469
.224489,.530612,4197.496093750
.244897,.530612,4222.775878906
.265306,.530612,4250.512695312
.285714,.530612,4274.868164062
.306122,.530612,4306.049804688
.326530,.530612,4326.250000000
.346938,.530612,4339.803222656
.367346,.530612,4354.344726562
.387755,.530612,4366.677246094
.408163,.530612,4372.875000000
.428571,.530612,4372.976562500
.448979,.530612,4368.750000000
.469387,.530612,4366.975585938
.489795,.530612,4373.566406250
.510204,.530612,4386.971191406
.530612,.530612,4360.466308594
.551020,.530612,4345.828613281
.571428,.530612,4334.697753906
.591836,.530612,4325.666015625
.612244,.530612,4319.925292969
.632653,.530612,4319.875976562
.653061,.530612,4325.506835938
.673469,.530612,4314.369140625
.693877,.530612,4286.492187500
.714285,.530612,4260.507324219
.734693,.530612,4231.577636719
.755102,.530612,4205.437988281
.775510,.530612,4178.975585938
.795918,.530612,4152.132812500
.816326,.530612,4131.049804688
.836734,.530612,4108.369140625
.857142,.530612,4078.951171875
.877551,.530612,4053.885009766
.897959,.530612,4031.591552734
.918367,.530612,4007.343261719
.938775,.530612,3978.432373047
.959183,.530612,3951.664306641
.979591,.530612,3926.912597656
1.000000,.530612,3898.355957031
0,.551020,3925.029785156
.020408,.551020,3936.852783203
.040816,.551020,3942.974121094
.061224,.551020,3969.020263672
.081632,.551020,4017.664550781
.102040,.551020,4049.517333984
.122448,.551020,4077.090087891
.142857,.551020,4098.027832031
.163265,.551020,4120.620117188
.183673,.551020,4143.370117188
.204081,.551020,4167.734863281
.224489,.551020,4191.321777344
.244897,.551020,4214.806640625
.265306,.551020,4239.770996094
.285714,.551020,4261.777343750
.306122,.551020,4279.189453125
.326530,.551020,4294.403320312
.346938,.551020,4310.631835938
.367346,.551020,4327.244628906
.387755,.551020,4340.825683594
.408163,.551020,4351.569824219
.428571,.551020,4361.827636719
.448979,.551020,4367.544433594
.469387,.551020,4365.280761719
.489795,.551020,4361.420410156
.510204,.551020,4366.524902344
.530612,.551020,4370.662597656
.551020,.551020,4355.780273438
.571428,.551020,4338.798828125
.591836,.551020,4332.092773438
.612244,.551020,4332.934082031
.632653,.551020,4327.911621094
.653061,.551020,4312.214355469
.673469,.551020,4292.075683594
.693877,.551020,4269.724121094
.714285,.551020,4243.110839844
.734693,.551020,4210.345214844
.755102,.551020,4184.526855469
.775510,.551020,4158.543457031
.795918,.551020,4131.211425781
.816326,.551020,4104.195800781
.836734,.551020,4070.448730469
.857142,.551020,4055.720214844
.877551,.551020,4037.815429688
.897959,.551020,4015.920898438
.918367,.551020,3993.390625000
.938775,.551020,3969.731445312
.959183,.551020,3947.350830078
.979591,.551020,3923.550781250
1.000000,.551020,3898.650390625
0,.571428,3932.630859375
.020408,.571428,3940.366455078
.040816,.571428,3958.027587891
.061224,.571428,3974.589111328
.081632,.571428,4003.501708984
.102040,.571428,4031.420410156
.122448,.571428,4058.082275391
.142857,.571428,4081.842285156
.163265,.571428,4104.070800781
.183673,.571428,4128.999023438
.204081,.571428,4154.540527344
.224489,.571428,4177.063964844
.244897,.571428,4199.619140625
.265306,.571428,4221.377441406
.285714,.571428,4242.018554688
.306122,.571428,4260.049804688
.326530,.571428,4274.697753906
.346938,.571428,4288.705078125
.367346,.571428,4306.089355469
.387755,.571428,4318.034667969
.408163,.571428,4325.414062500
.428571,.571428,4332.836914062
.448979,.571428,4339.474609375
.469387,.571428,4342.375000000
.489795,.571428,4343.856445312
.510204,.571428,4341.918457031
.530612,.571428,4339.156250000
.551020,.571428,4333.526855469
.571428,.571428,4327.876464844
.591836,.571428,4320.313476562
.612244,.571428,4311.286621094
.632653,.571428,4298.587402344
.653061,.571428,4280.675292969
.673469,.571428,4261.981445312
.693877,.571428,4241.203125000
.714285,.571428,4214.553710938
.734693,.571428,4189.400390625
.755102,.571428,4159.786132812
.775510,.571428,4125.981445312
.795918,.571428,4092.928222656
.816326,.571428,4066.401611328
.836734,.571428,4050.485595703
.857142,.571428,4035.296142578
.877551,.571428,4005.235107422
.897959,.571428,3986.934570312
.918367,.571428,3972.900146484
.938775,.571428,3953.511962891
.959183,.571428,3934.553955078
.979591,.571428,3912.180175781
1.000000,.571428,3887.824462891
0,.591836,3940.555908203
.020408,.591836,3951.743164062
.040816,.591836,3959.095947266
.061224,.591836,3977.382568359
.081632,.591836,3998.020507812
.102040,.591836,4019.417724609
.122448,.591836,4042.169433594
.142857,.591836,4065.038818359
.163265,.591836,4084.880859375
.183673,.591836,4103.244140625
.204081,.591836,4128.920410156
.224489,.591836,4154.279296875
.244897,.591836,4179.357910156
.265306,.591836,4201.268066406
.285714,.591836,4220.296386719
.306122,.591836,4236.164062500
.326530,.591836,4250.481933594
.346938,.591836,4263.886718750
.367346,.591836,4277.033203125
.387755,.591836,4288.819335938
.408163,.591836,4295.475097656
.428571,.591836,4303.046875000
.448979,.591836,4310.795410156
.469387,.591836,4311.794433594
.489795,.591836,4311.127441406
.510204,.591836,4312.625976562
.530612,.591836,4311.094238281
.551020,.591836,4308.155273438
.571428,.591836,4303.721679688
.591836,.591836,4297.035156250
.612244,.591836,4287.147949219
.632653,.591836,4273.864257812
.653061,.591836,4258.487792969
.673469,.591836,4242.277343750
.693877,.591836,4223.320800781
.714285,.591836,4199.186035156
.734693,.591836,4157.944335938
.755102,.591836,4117.282226562
.775510,.591836,4093.166992188
.795918,.591836,4075.906982422
.816326,.591836,4048.841064453
.836734,.591836,4020.721191406
.857142,.591836,3995.131835938
.877551,.591836,3970.455078125
.897959,.591836,3944.315429688
.918367,.591836,3925.078369141
.938775,.591836,3912.074951172
.959183,.591836,3897.470214844
.979591,.591836,3879.602783203
1.000000,.591836,3872.008056641
0,.612244,3955.210449219
.020408,.612244,3954.280517578
.040816,.612244,3963.823486328
.061224,.612244,3980.933837891
.081632,.612244,3998.548095703
.102040,.612244,4015.647216797
.122448,.612244,4033.585693359
.142857,.612244,4051.572265625
.163265,.612244,4070.043701172
.183673,.612244,4088.344726562
.204081,.612244,4107.538574219
.224489,.612244,4127.662597656
.244897,.612244,4153.356445312
.265306,.612244,4176.315429688
.285714,.612244,4195.794921875
.306122,.612244,4211.593261719
.326530,.612244,4221.859375000
.346938,.612244,4235.929199219
.367346,.612244,4243.225585938
.387755,.612244,4249.276367188
.408163,.612244,4254.955078125
.428571,.612244,4259.798339844
.448979,.612244,4263.430175781
.469387,.612244,4270.356933594
.489795,.612244,4275.618652344
.510204,.612244,4274.358886719
.530612,.612244,4271.586425781
.551020,.612244,4270.051269531
.571428,.612244,4267.888183594
.591836,.612244,4264.683105469
.612244,.612244,4259.509765625
.632653,.612244,4251.286132812
.653061,.612244,4238.747070312
.673469,.612244,4223.415039062
.693877,.612244,4204.479980469
.714285,.612244,4179.545410156
.734693,.612244,4135.312500000
.755102,.612244,4107.551269531
.775510,.612244,4083.359375000
.795918,.612244,4058.207031250
.816326,.612244,4027.422851562
.836734,.612244,4002.492431641
.857142,.612244,3974.900634766
.877551,.612244,3940.138427734
.897959,.612244,3911.493164062
.918367,.612244,3878.871093750
.938775,.612244,3848.369384766
.959183,.612244,3830.034179688
.979591,.612244,3815.822265625
1.000000,.612244,3785.406005859
0,.632653,3955.958740234
.020408,.632653,3967.194335938
.040816,.632653,3966.731201172
.061224,.632653,3979.530029297
.081632,.632653,3995.573974609
.102040,.632653,4010.613037109
.122448,.632653,4025.899169922
.142857,.632653,4041.526611328
.163265,.632653,4058.388183594
.183673,.632653,4075.871093750
.204081,.632653,4094.287841797
.224489,.632653,4111.274902344
.244897,.632653,4129.600585938
.265306,.632653,4149.545410156
.285714,.632653,4168.916992188
.306122,.632653,4184.395507812
.326530,.632653,4198.105957031
.346938,.632653,4207.413085938
.367346,.632653,4213.505371094
.387755,.632653,4218.861816406
.408163,.632653,4222.279785156
.428571,.632653,4227.511718750
.448979,.632653,4231.376464844
.469387,.632653,4231.936035156
.489795,.632653,4234.681640625
.510204,.632653,4235.847656250
.530612,.632653,4227.667968750
.551020,.632653,4225.329101562
.571428,.632653,4221.294921875
.591836,.632653,4215.152832031
.612244,.632653,4205.822265625
.632653,.632653,4202.737792969
.653061,.632653,4194.837890625
.673469,.632653,4184.136230469
.693877,.632653,4169.136230469
.714285,.632653,4149.992675781
.734693,.632653,4112.945312500
.755102,.632653,4090.349121094
.775510,.632653,4063.944335938
.795918,.632653,4043.071044922
.816326,.632653,4011.871582031
.836734,.632653,3990.879150391
.857142,.632653,3957.352050781
.877551,.632653,3922.388427734
.897959,.632653,3884.311523438
.918367,.632653,3852.966552734
.938775,.632653,3828.717773438
.959183,.632653,3811.760253906
.979591,.632653,3789.074707031
1.000000,.632653,3766.783691406
0,.653061,3965.401855469
.020408,.653061,3970.458007812
.040816,.653061,3983.972656250
.061224,.653061,3986.035400391
.081632,.653061,3991.875244141
.102040,.653061,4001.560791016
.122448,.653061,4014.659667969
.142857,.653061,4029.721679688
.163265,.653061,4047.059570312
.183673,.653061,4065.271240234
.204081,.653061,4082.687011719
.224489,.653061,4098.627441406
.244897,.653061,4115.541992188
.265306,.653061,4131.133789062
.285714,.653061,4145.576171875
.306122,.653061,4158.012207031
.326530,.653061,4169.865234375
.346938,.653061,4180.140625000
.367346,.653061,4188.958496094
.387755,.653061,4195.443847656
.408163,.653061,4201.000976562
.428571,.653061,4204.388671875
.448979,.653061,4206.283691406
.469387,.653061,4207.059570312
.489795,.653061,4206.529785156
.510204,.653061,4204.065917969
.530612,.653061,4197.117187500
.551020,.653061,4189.113769531
.571428,.653061,4184.061523438
.591836,.653061,4176.479003906
.612244,.653061,4168.120605469
.632653,.653061,4159.410644531
.653061,.653061,4151.141601562
.673469,.653061,4140.536621094
.693877,.653061,4126.069824219
.714285,.653061,4110.375000000
.734693,.653061,4092.193115234
.755102,.653061,4065.279541016
.775510,.653061,4034.699462891
.795918,.653061,4013.848632812
.816326,.653061,3992.273681641
.836734,.653061,3971.464843750
.857142,.653061,3924.602783203
.877551,.653061,3901.695068359
.897959,.653061,3866.872558594
.918367,.653061,3841.148437500
.938775,.653061,3822.003906250
.959183,.653061,3771.697998047
.979591,.653061,3757.134033203
1.000000,.653061,3731.801025391
0,.673469,3959.799560547
.020408,.673469,3974.138427734
.040816,.673469,3991.375000000
.061224,.673469,4010.925537109
.081632,.673469,4017.214843750
.102040,.673469,4015.617187500
.122448,.673469,4019.704589844
.142857,.673469,4028.128173828
.163265,.673469,4040.194580078
.183673,.673469,4056.212646484
.204081,.673469,4073.395507812
.224489,.673469,4089.659912109
.244897,.673469,4105.047851562
.265306,.673469,4119.595214844
.285714,.673469,4133.028320312
.306122,.673469,4145.106933594
.326530,.673469,4155.667480469
.346938,.673469,4164.607910156
.367346,.673469,4172.667968750
.387755,.673469,4178.534667969
.408163,.673469,4183.192871094
.428571,.673469,4185.897949219
.448979,.673469,4187.201171875
.469387,.673469,4186.869628906
.489795,.673469,4184.770507812
.510204,.673469,4182.177734375
.530612,.673469,4172.310546875
.551020,.673469,4158.179199219
.571428,.673469,4143.104492188
.591836,.673469,4132.016601562
.612244,.673469,4115.091308594
.632653,.673469,4101.741210938
.653061,.673469,4089.215332031
.673469,.673469,4086.467773438
.693877,.673469,4082.191650391
.714285,.673469,4072.555664062
.734693,.673469,4059.189453125
.755102,.673469,4030.669433594
.775510,.673469,4009.259033203
.795918,.673469,3987.691894531
.816326,.673469,3967.470214844
.836734,.673469,3946.758789062
.857142,.673469,3925.809326172
.877551,.673469,3893.781250000
.897959,.673469,3862.247802734
.918367,.673469,3833.220703125
.938775,.673469,3810.249267578
.959183,.673469,3756.416503906
.979591,.673469,3736.069580078
1.000000,.673469,3694.955322266
0,.693877,3984.925781250
.020408,.693877,3989.386230469
.040816,.693877,4000.960693359
.061224,.693877,4011.662841797
.081632,.693877,4029.100830078
.102040,.693877,4043.834716797
.122448,.693877,4056.477783203
.142857,.693877,4052.752929688
.163265,.693877,4053.758789062
.183673,.693877,4061.446533203
.204081,.693877,4073.737304688
.224489,.693877,4087.040283203
.244897,.693877,4101.394042969
.265306,.693877,4114.713867188
.285714,.693877,4127.122558594
.306122,.693877,4137.820800781
.326530,.693877,4147.456542969
.346938,.693877,4155.351562500
.367346,.693877,4161.981445312
.387755,.693877,4167.007324219
.408163,.693877,4170.035156250
.428571,.693877,4171.172363281
.448979,.693877,4170.170410156
.469387,.693877,4167.000488281
.489795,.693877,4161.603027344
.510204,.693877,4152.062500000
.530612,.693877,4142.178222656
.551020,.693877,4123.437500000
.571428,.693877,4112.273437500
.591836,.693877,4099.834472656
.612244,.693877,4084.698730469
.632653,.693877,4068.178710938
.653061,.693877,4054.878662109
.673469,.693877,4048.476806641
.693877,.693877,4040.214111328
.714285,.693877,4028.694580078
.734693,.693877,4018.837402344
.755102,.693877,4003.333251953
.775510,.693877,3977.860839844
.795918,.693877,3958.616943359
.816326,.693877,3938.352050781
.836734,.693877,3915.663574219
.857142,.693877,3893.196533203
.877551,.693877,3868.435791016
.897959,.693877,3842.955566406
.918367,.693877,3826.387451172
.938775,.693877,3800.737304688
.959183,.693877,3739.133544922
.979591,.693877,3709.345703125
1.000000,.693877,3675.387939453
0,.714285,4003.852783203
.020408,.714285,4014.313476562
.040816,.714285,4018.177001953
.061224,.714285,4023.872314453
.081632,.714285,4036.014160156
.102040,.714285,4047.679443359
.122448,.714285,4061.320556641
.142857,.714285,4074.467041016
.163265,.714285,4086.197753906
.183673,.714285,4085.890136719
.204081,.714285,4088.705810547
.224489,.714285,4095.852539062
.244897,.714285,4106.218261719
.265306,.714285,4116.760253906
.285714,.714285,4126.838867188
.306122,.714285,4135.547851562
.326530,.714285,4143.314941406
.346938,.714285,4149.756347656
.367346,.714285,4155.597656250
.387755,.714285,4159.357910156
.408163,.714285,4161.181152344
.428571,.714285,4160.375000000
.448979,.714285,4156.912109375
.469387,.714285,4149.442382812
.489795,.714285,4140.185546875
.510204,.714285,4122.501953125
.530612,.714285,4111.315429688
.551020,.714285,4096.086914062
.571428,.714285,4081.254638672
.591836,.714285,4066.718994141
.612244,.714285,4052.836425781
.632653,.714285,4029.455566406
.653061,.714285,4008.190673828
.673469,.714285,3995.833984375
.693877,.714285,3987.440185547
.714285,.714285,3991.904052734
.734693,.714285,3980.720214844
.755102,.714285,3967.313476562
.775510,.714285,3949.424804688
.795918,.714285,3928.638427734
.816326,.714285,3909.733398438
.836734,.714285,3887.700195312
.857142,.714285,3868.896972656
.877551,.714285,3851.415039062
.897959,.714285,3818.753173828
.918367,.714285,3806.382812500
.938775,.714285,3782.492187500
.959183,.714285,3756.147705078
.979591,.714285,3725.396972656
1.000000,.714285,3659.583496094
0,.734693,4109.333007812
.020408,.734693,4047.076660156
.040816,.734693,4039.918701172
.061224,.734693,4041.895751953
.081632,.734693,4048.251708984
.102040,.734693,4056.134277344
.122448,.734693,4065.629638672
.142857,.734693,4077.285156250
.163265,.734693,4088.861816406
.183673,.734693,4100.708984375
.204081,.734693,4109.889648438
.224489,.734693,4114.126464844
.244897,.734693,4118.252929688
.265306,.734693,4123.545898438
.285714,.734693,4129.692871094
.306122,.734693,4136.120117188
.326530,.734693,4142.132324219
.346938,.734693,4147.030761719
.367346,.734693,4151.475585938
.387755,.734693,4154.553222656
.408163,.734693,4155.515625000
.428571,.734693,4153.899902344
.448979,.734693,4147.959960938
.469387,.734693,4138.535644531
.489795,.734693,4119.278808594
.510204,.734693,4108.651367188
.530612,.734693,4091.552246094
.551020,.734693,4070.980957031
.571428,.734693,4045.479003906
.591836,.734693,4023.761230469
.612244,.734693,4009.287353516
.632653,.734693,3976.346679688
.653061,.734693,3961.758056641
.673469,.734693,3946.314941406
.693877,.734693,3934.520507812
.714285,.734693,3935.968261719
.734693,.734693,3937.802490234
.755102,.734693,3929.340820312
.775510,.734693,3916.648925781
.795918,.734693,3897.757568359
.816326,.734693,3878.950195312
.836734,.734693,3860.971435547
.857142,.734693,3844.105712891
.877551,.734693,3828.082031250
.897959,.734693,3801.072509766
.918367,.734693,3779.743652344
.938775,.734693,3753.226318359
.959183,.734693,3738.166015625
.979591,.734693,3705.681884766
1.000000,.734693,3689.793701172
0,.755102,4160.263183594
.020408,.755102,4126.233398438
.040816,.755102,4085.900634766
.061224,.755102,4075.317382812
.081632,.755102,4070.615478516
.102040,.755102,4070.430175781
.122448,.755102,4076.105957031
.142857,.755102,4083.663085938
.163265,.755102,4092.018066406
.183673,.755102,4102.014160156
.204081,.755102,4112.348632812
.224489,.755102,4121.838867188
.244897,.755102,4130.149902344
.265306,.755102,4136.060546875
.285714,.755102,4140.190917969
.306122,.755102,4143.808105469
.326530,.755102,4147.097656250
.346938,.755102,4150.104980469
.367346,.755102,4152.558105469
.387755,.755102,4154.392578125
.408163,.755102,4155.127929688
.428571,.755102,4153.594238281
.448979,.755102,4148.262207031
.469387,.755102,4140.767089844
.489795,.755102,4117.581054688
.510204,.755102,4086.837646484
.530612,.755102,4055.441406250
.551020,.755102,4027.905761719
.571428,.755102,4001.768798828
.591836,.755102,3979.260009766
.612244,.755102,3961.717285156
.632653,.755102,3943.204833984
.653061,.755102,3922.271484375
.673469,.755102,3891.466064453
.693877,.755102,3877.022216797
.714285,.755102,3884.774414062
.734693,.755102,3883.185791016
.755102,.755102,3887.048095703
.775510,.755102,3881.014160156
.795918,.755102,3866.686279297
.816326,.755102,3848.010498047
.836734,.755102,3830.335693359
.857142,.755102,3807.729736328
.877551,.755102,3784.120117188
.897959,.755102,3761.758056641
.918367,.755102,3745.266357422
.938775,.755102,3723.787597656
.959183,.755102,3702.732177734
.979591,.755102,3683.852783203
1.000000,.755102,3655.849853516
0,.775510,4164.663574219
.020408,.775510,4170.369628906
.040816,.775510,4150.200195312
.061224,.775510,4128.563476562
.081632,.775510,4117.364257812
.102040,.775510,4108.670898438
.122448,.775510,4101.145996094
.142857,.775510,4101.103027344
.163265,.775510,4105.310058594
.183673,.775510,4110.958496094
.204081,.775510,4118.045410156
.224489,.775510,4125.607421875
.244897,.775510,4134.350097656
.265306,.775510,4141.974121094
.285714,.775510,4148.147460938
.306122,.775510,4153.386718750
.326530,.775510,4156.638671875
.346938,.775510,4158.670898438
.367346,.775510,4160.578613281
.387755,.775510,4161.731933594
.408163,.775510,4162.042968750
.428571,.775510,4161.177246094
.448979,.775510,4158.763671875
.469387,.775510,4155.485351562
.489795,.775510,4110.042968750
.510204,.775510,4040.371582031
.530612,.775510,4013.521240234
.551020,.775510,3992.038330078
.571428,.775510,3970.965576172
.591836,.775510,3944.523437500
.612244,.775510,3920.163818359
.632653,.775510,3898.927001953
.653061,.775510,3879.221191406
.673469,.775510,3843.658935547
.693877,.775510,3817.916015625
.714285,.775510,3795.699951172
.734693,.775510,3812.981933594
.755102,.775510,3819.028320312
.775510,.775510,3824.551513672
.795918,.775510,3826.218994141
.816326,.775510,3813.362060547
.836734,.775510,3791.568847656
.857142,.775510,3781.727783203
.877551,.775510,3755.411865234
.897959,.775510,3731.087890625
.918367,.775510,3708.351562500
.938775,.775510,3687.842285156
.959183,.775510,3667.844482422
.979591,.775510,3649.074218750
1.000000,.775510,3626.946044922
0,.795918,4204.715820312
.020408,.795918,4225.538085938
.040816,.795918,4197.509277344
.061224,.795918,4176.753417969
.081632,.795918,4156.723632812
.102040,.795918,4143.668945312
.122448,.795918,4134.293457031
.142857,.795918,4130.019531250
.163265,.795918,4129.365722656
.183673,.795918,4131.347167969
.204081,.795918,4132.981445312
.224489,.795918,4136.529296875
.244897,.795918,4142.359375000
.265306,.795918,4148.631347656
.285714,.795918,4154.452636719
.306122,.795918,4159.522460938
.326530,.795918,4163.245117188
.346938,.795918,4165.872558594
.367346,.795918,4168.887207031
.387755,.795918,4171.904785156
.408163,.795918,4173.982910156
.428571,.795918,4174.143554688
.448979,.795918,4173.489257812
.469387,.795918,4155.606445312
.489795,.795918,4086.050292969
.510204,.795918,4034.716064453
.530612,.795918,3991.189208984
.551020,.795918,3970.004394531
.571428,.795918,3952.372802734
.591836,.795918,3912.711181641
.612244,.795918,3879.806396484
.632653,.795918,3844.965332031
.653061,.795918,3825.675292969
.673469,.795918,3813.580322266
.693877,.795918,3779.173095703
.714285,.795918,3751.551757812
.734693,.795918,3760.974365234
.755102,.795918,3759.972656250
.775510,.795918,3784.232177734
.795918,.795918,3780.887451172
.816326,.795918,3775.444335938
.836734,.795918,3762.367919922
.857142,.795918,3751.540283203
.877551,.795918,3728.141113281
.897959,.795918,3703.570312500
.918367,.795918,3679.344970703
.938775,.795918,3656.044189453
.959183,.795918,3633.043945312
.979591,.795918,3613.884521484
1.000000,.795918,3591.153564453
0,.816326,4217.104003906
.020408,.816326,4260.588867188
.040816,.816326,4247.997558594
.061224,.816326,4229.467773438
.081632,.816326,4207.611328125
.102040,.816326,4189.747070312
.122448,.816326,4175.234863281
.142857,.816326,4167.563964844
.163265,.816326,4162.463867188
.183673,.816326,4159.291992188
.204081,.816326,4157.736328125
.224489,.816326,4157.229003906
.244897,.816326,4160.407714844
.265306,.816326,4164.021484375
.285714,.816326,4166.999511719
.306122,.816326,4170.185546875
.326530,.816326,4173.066406250
.346938,.816326,4176.269531250
.367346,.816326,4180.813964844
.387755,.816326,4183.183593750
.408163,.816326,4185.847656250
.428571,.816326,4187.453125000
.448979,.816326,4188.335937500
.469387,.816326,4161.390625000
.489795,.816326,4092.282470703
.510204,.816326,4043.306396484
.530612,.816326,3991.054687500
.551020,.816326,3944.914794922
.571428,.816326,3918.655517578
.591836,.816326,3875.928955078
.612244,.816326,3858.400878906
.632653,.816326,3805.830322266
.653061,.816326,3780.893066406
.673469,.816326,3757.200683594
.693877,.816326,3750.263183594
.714285,.816326,3756.384765625
.734693,.816326,3745.612792969
.755102,.816326,3739.668212891
.775510,.816326,3727.317138672
.795918,.816326,3731.312500000
.816326,.816326,3731.527832031
.836734,.816326,3722.364013672
.857142,.816326,3708.770507812
.877551,.816326,3692.542480469
.897959,.816326,3671.472167969
.918367,.816326,3650.158935547
.938775,.816326,3628.568603516
.959183,.816326,3605.333496094
.979591,.816326,3585.216796875
1.000000,.816326,3564.049804688
0,.836734,4261.477050781
.020408,.836734,4280.780273438
.040816,.836734,4273.819335938
.061224,.836734,4251.986328125
.081632,.836734,4235.591308594
.102040,.836734,4227.234863281
.122448,.836734,4216.087890625
.142857,.836734,4211.386718750
.163265,.836734,4211.178710938
.183673,.836734,4203.661621094
.204081,.836734,4195.808105469
.224489,.836734,4188.481445312
.244897,.836734,4179.869628906
.265306,.836734,4175.611328125
.285714,.836734,4177.337402344
.306122,.836734,4179.050292969
.326530,.836734,4180.189941406
.346938,.836734,4178.372558594
.367346,.836734,4175.990722656
.387755,.836734,4174.299316406
.408163,.836734,4172.750488281
.428571,.836734,4170.917480469
.448979,.836734,4172.088867188
.469387,.836734,4163.491210938
.489795,.836734,4111.721679688
.510204,.836734,4057.884277344
.530612,.836734,4007.460205078
.551020,.836734,3945.177490234
.571428,.836734,3919.006591797
.591836,.836734,3869.733398438
.612244,.836734,3847.471679688
.632653,.836734,3786.351318359
.653061,.836734,3742.888671875
.673469,.836734,3727.905273438
.693877,.836734,3718.241943359
.714285,.836734,3709.484375000
.734693,.836734,3708.708984375
.755102,.836734,3699.334472656
.775510,.836734,3695.721191406
.795918,.836734,3689.081542969
.816326,.836734,3665.288330078
.836734,.836734,3677.552978516
.857142,.836734,3668.238525391
.877551,.836734,3656.051269531
.897959,.836734,3642.177490234
.918367,.836734,3621.168701172
.938775,.836734,3599.912841797
.959183,.836734,3575.462402344
.979591,.836734,3552.828369141
1.000000,.836734,3515.343017578
0,.857142,4289.857421875
.020408,.857142,4292.289550781
.040816,.857142,4265.275390625
.061224,.857142,4246.538574219
.081632,.857142,4221.614746094
.102040,.857142,4207.732910156
.122448,.857142,4201.281250000
.142857,.857142,4190.515136719
.163265,.857142,4197.078613281
.183673,.857142,4196.412597656
.204081,.857142,4194.848144531
.224489,.857142,4178.283203125
.244897,.857142,4169.675292969
.265306,.857142,4164.333007812
.285714,.857142,4160.409667969
.306122,.857142,4161.851562500
.326530,.857142,4163.981445312
.346938,.857142,4162.744628906
.367346,.857142,4157.321777344
.387755,.857142,4152.543457031
.408163,.857142,4150.038085938
.428571,.857142,4146.615722656
.448979,.857142,4142.849121094
.469387,.857142,4137.629882812
.489795,.857142,4119.472656250
.510204,.857142,4086.273193359
.530612,.857142,4051.114990234
.551020,.857142,3971.294677734
.571428,.857142,3917.983154297
.591836,.857142,3866.010498047
.612244,.857142,3817.298583984
.632653,.857142,3777.438964844
.653061,.857142,3742.571289062
.673469,.857142,3704.102294922
.693877,.857142,3679.772460938
.714285,.857142,3676.221191406
.734693,.857142,3654.983642578
.755102,.857142,3635.674316406
.775510,.857142,3612.828857422
.795918,.857142,3630.407470703
.816326,.857142,3633.870605469
.836734,.857142,3632.635742188
.857142,.857142,3627.552734375
.877551,.857142,3616.911621094
.897959,.857142,3602.701171875
.918367,.857142,3586.041259766
.938775,.857142,3569.160644531
.959183,.857142,3547.675292969
.979591,.857142,3520.449218750
1.000000,.857142,3497.934814453
0,.877551,4280.656738281
.020408,.877551,4269.369140625
.040816,.877551,4254.151367188
.061224,.877551,4233.625976562
.081632,.877551,4210.309082031
.102040,.877551,4183.665039062
.122448,.877551,4146.969726562
.142857,.877551,4151.450195312
.163265,.877551,4146.854003906
.183673,.877551,4156.632324219
.204081,.877551,4134.438964844
.224489,.877551,4119.312500000
.244897,.877551,4115.096191406
.265306,.877551,4110.753906250
.285714,.877551,4115.999511719
.306122,.877551,4126.463378906
.326530,.877551,4134.196777344
.346938,.877551,4132.621093750
.367346,.877551,4131.709472656
.387755,.877551,4127.355957031
.408163,.877551,4121.719238281
.428571,.877551,4116.445800781
.448979,.877551,4110.146972656
.469387,.877551,4100.225097656
.489795,.877551,4077.923339844
.510204,.877551,4037.227050781
.530612,.877551,3951.391845703
.551020,.877551,3917.355712891
.571428,.877551,3885.336669922
.591836,.877551,3857.727294922
.612244,.877551,3821.853759766
.632653,.877551,3772.302001953
.653061,.877551,3722.810546875
.673469,.877551,3674.600097656
.693877,.877551,3664.668945312
.714285,.877551,3617.444091797
.734693,.877551,3610.332275391
.755102,.877551,3599.490966797
.775510,.877551,3595.549072266
.795918,.877551,3572.385742188
.816326,.877551,3568.659179688
.836734,.877551,3569.819091797
.857142,.877551,3567.168701172
.877551,.877551,3578.939941406
.897959,.877551,3565.674316406
.918367,.877551,3551.013183594
.938775,.877551,3535.509033203
.959183,.877551,3514.562500000
.979591,.877551,3493.247802734
1.000000,.877551,3459.783935547
0,.897959,4236.547363281
.020408,.897959,4229.367675781
.040816,.897959,4217.864257812
.061224,.897959,4179.020019531
.081632,.897959,4164.926269531
.102040,.897959,4158.906250000
.122448,.897959,4128.371582031
.142857,.897959,4111.808105469
.163265,.897959,4092.551269531
.183673,.897959,4067.345214844
.204081,.897959,4058.165039062
.224489,.897959,4050.154296875
.244897,.897959,4041.917724609
.265306,.897959,4041.229492188
.285714,.897959,4039.689453125
.306122,.897959,4033.798339844
.326530,.897959,4035.201904297
.346938,.897959,4026.296386719
.367346,.897959,4092.643798828
.387755,.897959,4090.589355469
.408163,.897959,4087.625976562
.428571,.897959,4081.571289062
.448979,.897959,4072.828125000
.469387,.897959,4063.001708984
.489795,.897959,4036.060058594
.510204,.897959,3975.361816406
.530612,.897959,3924.638671875
.551020,.897959,3884.735351562
.571428,.897959,3848.000488281
.591836,.897959,3812.048828125
.612244,.897959,3778.577880859
.632653,.897959,3745.709228516
.653061,.897959,3714.013183594
.673469,.897959,3686.689208984
.693877,.897959,3640.104248047
.714285,.897959,3602.176025391
.734693,.897959,3562.542236328
.755102,.897959,3553.618652344
.775510,.897959,3539.687500000
.795918,.897959,3530.069091797
.816326,.897959,3529.352783203
.836734,.897959,3501.479736328
.857142,.897959,3529.404785156
.877551,.897959,3512.808593750
.897959,.897959,3527.328613281
.918367,.897959,3515.065429688
.938775,.897959,3502.066894531
.959183,.897959,3487.661621094
.979591,.897959,3462.134765625
1.000000,.897959,3431.718261719
0,.918367,4183.229003906
.020408,.918367,4181.163085938
.040816,.918367,4115.662109375
.061224,.918367,4087.948730469
.081632,.918367,4064.512695312
.102040,.918367,4038.915771484
.122448,.918367,4029.989990234
.142857,.918367,4068.255615234
.163265,.918367,4051.923095703
.183673,.918367,4028.917480469
.204081,.918367,4007.030029297
.224489,.918367,3990.618408203
.244897,.918367,3982.606201172
.265306,.918367,3984.787841797
.285714,.918367,3983.894775391
.306122,.918367,3970.945068359
.326530,.918367,3950.592041016
.346938,.918367,3956.973388672
.367346,.918367,3975.919433594
.387755,.918367,3954.479492188
.408163,.918367,3960.383300781
.428571,.918367,3961.017089844
.448979,.918367,4014.932128906
.469387,.918367,4021.047119141
.489795,.918367,4008.361328125
.510204,.918367,3985.277099609
.530612,.918367,3909.644287109
.551020,.918367,3868.785888672
.571428,.918367,3829.784179688
.591836,.918367,3792.183349609
.612244,.918367,3757.214111328
.632653,.918367,3719.763671875
.653061,.918367,3683.594726562
.673469,.918367,3638.279296875
.693877,.918367,3619.794433594
.714285,.918367,3572.791748047
.734693,.918367,3545.310302734
.755102,.918367,3524.135009766
.775510,.918367,3517.209472656
.795918,.918367,3484.439941406
.816326,.918367,3485.863769531
.836734,.918367,3477.234619141
.857142,.918367,3470.447509766
.877551,.918367,3488.733154297
.897959,.918367,3486.268554688
.918367,.918367,3478.766113281
.938775,.918367,3466.845214844
.959183,.918367,3452.530029297
.979591,.918367,3433.060058594
1.000000,.918367,3392.715820312
0,.938775,4100.212402344
.020408,.938775,4105.117675781
.040816,.938775,4059.468750000
.061224,.938775,4023.032714844
.081632,.938775,4008.172607422
.102040,.938775,3981.361816406
.122448,.938775,3924.136718750
.142857,.938775,3922.856689453
.163265,.938775,3926.622070312
.183673,.938775,3929.906005859
.204081,.938775,3908.687500000
.224489,.938775,3880.606933594
.244897,.938775,3874.495605469
.265306,.938775,3872.139892578
.285714,.938775,3868.302978516
.306122,.938775,3846.118164062
.326530,.938775,3866.556884766
.346938,.938775,3881.377441406
.367346,.938775,3835.192626953
.387755,.938775,3829.126464844
.408163,.938775,3835.907714844
.428571,.938775,3859.632324219
.448979,.938775,3864.958740234
.469387,.938775,3909.206054688
.489795,.938775,3968.608398438
.510204,.938775,3962.906005859
.530612,.938775,3941.801269531
.551020,.938775,3877.189453125
.571428,.938775,3825.717773438
.591836,.938775,3783.800781250
.612244,.938775,3748.363281250
.632653,.938775,3721.888671875
.653061,.938775,3669.526367188
.673469,.938775,3621.811767578
.693877,.938775,3590.675537109
.714285,.938775,3536.511474609
.734693,.938775,3507.353515625
.755102,.938775,3518.108886719
.775510,.938775,3480.651611328
.795918,.938775,3457.911132812
.816326,.938775,3467.164794922
.836734,.938775,3446.204345703
.857142,.938775,3466.743652344
.877551,.938775,3445.914794922
.897959,.938775,3450.480712891
.918367,.938775,3438.025878906
.938775,.938775,3429.041503906
.959183,.938775,3415.587890625
.979591,.938775,3396.620361328
1.000000,.938775,3368.468017578
0,.959183,4038.920410156
.020408,.959183,4043.538085938
.040816,.959183,4014.809082031
.061224,.959183,3967.616699219
.081632,.959183,3919.284912109
.102040,.959183,3874.759765625
.122448,.959183,3841.666259766
.142857,.959183,3828.720458984
.163265,.959183,3840.769287109
.183673,.959183,3853.686035156
.204081,.959183,3856.652343750
.224489,.959183,3829.907714844
.244897,.959183,3813.955810547
.265306,.959183,3763.650146484
.285714,.959183,3767.411865234
.306122,.959183,3743.574462891
.326530,.959183,3740.826660156
.346938,.959183,3747.777832031
.367346,.959183,3761.273437500
.387755,.959183,3767.949707031
.408163,.959183,3780.099365234
.428571,.959183,3782.586425781
.448979,.959183,3786.376953125
.469387,.959183,3811.925048828
.489795,.959183,3856.298339844
.510204,.959183,3915.672363281
.530612,.959183,3911.133789062
.551020,.959183,3903.812255859
.571428,.959183,3844.129638672
.591836,.959183,3779.670898438
.612244,.959183,3734.774902344
.632653,.959183,3697.118652344
.653061,.959183,3641.947753906
.673469,.959183,3598.224365234
.693877,.959183,3564.798095703
.714285,.959183,3513.812255859
.734693,.959183,3474.411621094
.755102,.959183,3468.979980469
.775510,.959183,3443.321289062
.795918,.959183,3408.769042969
.816326,.959183,3409.839843750
.836734,.959183,3439.575195312
.857142,.959183,3428.318359375
.877551,.959183,3409.518798828
.897959,.959183,3397.211669922
.918367,.959183,3402.509765625
.938775,.959183,3394.490234375
.959183,.959183,3381.633544922
.979591,.959183,3364.991943359
1.000000,.959183,3332.109619141
0,.979591,3990.345947266
.020408,.979591,3984.819091797
.040816,.979591,3971.994628906
.061224,.979591,3918.794189453
.081632,.979591,3870.572753906
.102040,.979591,3808.050781250
.122448,.979591,3777.748046875
.142857,.979591,3756.294677734
.163265,.979591,3765.516601562
.183673,.979591,3772.540771484
.204081,.979591,3789.083740234
.224489,.979591,3744.092041016
.244897,.979591,3719.785888672
.265306,.979591,3698.419921875
.285714,.979591,3695.986816406
.306122,.979591,3674.535156250
.326530,.979591,3675.174072266
.346938,.979591,3679.265625000
.367346,.979591,3700.405273438
.387755,.979591,3704.022705078
.408163,.979591,3739.014648438
.428571,.979591,3727.356933594
.448979,.979591,3738.936279297
.469387,.979591,3757.296386719
.489795,.979591,3792.104248047
.510204,.979591,3848.500732422
.530612,.979591,3856.656494141
.551020,.979591,3860.590332031
.571428,.979591,3858.663085938
.591836,.979591,3789.962402344
.612244,.979591,3714.258056641
.632653,.979591,3674.064697266
.653061,.979591,3626.005371094
.673469,.979591,3586.579589844
.693877,.979591,3556.264404297
.714285,.979591,3458.687011719
.734693,.979591,3425.689453125
.755102,.979591,3422.182617188
.775510,.979591,3407.748779297
.795918,.979591,3372.287109375
.816326,.979591,3353.954345703
.836734,.979591,3383.268554688
.857142,.979591,3382.298583984
.877551,.979591,3382.180175781
.897959,.979591,3365.381347656
.918367,.979591,3364.786621094
.938775,.979591,3356.896240234
.959183,.979591,3345.749511719
.979591,.979591,3328.787597656
1.000000,.979591,3301.278564453
0,1.000000,3930.190429688
.020408,1.000000,3936.182373047
.040816,1.000000,3919.492675781
.061224,1.000000,3892.851074219
.081632,1.000000,3838.393798828
.102040,1.000000,3789.351074219
.122448,1.000000,3736.686767578
.142857,1.000000,3698.425537109
.163265,1.000000,3678.613769531
.183673,1.000000,3680.273925781
.204081,1.000000,3701.208251953
.224489,1.000000,3699.266845703
.244897,1.000000,3668.775146484
.265306,1.000000,3641.602294922
.285714,1.000000,3612.957031250
.306122,1.000000,3589.134521484
.326530,1.000000,3572.806884766
.346938,1.000000,3598.616455078
.367346,1.000000,3627.729736328
.387755,1.000000,3656.667480469
.408163,1.000000,3688.395019531
.428571,1.000000,3672.474853516
.448979,1.000000,3694.692626953
.469387,1.000000,3716.592773438
.489795,1.000000,3738.877685547
.510204,1.000000,3778.246337891
.530612,1.000000,3801.735595703
.551020,1.000000,3814.573730469
.571428,1.000000,3799.545654297
.591836,1.000000,3752.801757812
.612244,1.000000,3717.141601562
.632653,1.000000,3659.841064453
.653061,1.000000,3629.885742188
.673469,1.000000,3567.630126953
.693877,1.000000,3445.053466797
.714285,1.000000,3398.109863281
.734693,1.000000,3358.798095703
.755102,1.000000,3366.109375000
.775510,1.000000,3361.172119141
.795918,1.000000,3334.193847656
.816326,1.000000,3310.522705078
.836734,1.000000,3335.162597656
.857142,1.000000,3351.575195312
.877551,1.000000,3335.778564453
.897959,1.000000,3325.589355469
.918367,1.000000,3322.460449219
.938775,1.000000,3313.875244141
.959183,1.000000,3303.381835938
.979591,1.000000,3287.814697266
1.000000,1.000000,3271.473144531
